"source_id","country_code","country_name","tool","dataset","indicator","hs_or_product_code","period","accessed_at","url","query_parameters","raw_file","sha256","note"
"TM-036-china_exports_bilateral-VAL","036","Australia","ITC Trade Map beta","china_exports_bilateral","VAL","850980","2020-2025","2026-09-05T20:06:32+08:00","https://www.trademap.org/api/goods/timeSeries/yearly/byProduct?tradeFlow=E&country=156&partner=036&product=850980&periodFrom=2020&periodTo=2025&directMirror=D&indicator=VAL&page=1&pageSize=10&sortBy=2025&sortDir=desc&hsLevel=6&currency=USD","tradeFlow=E&country=156&partner=036&product=850980&periodFrom=2020&periodTo=2025&directMirror=D&indicator=VAL&page=1&pageSize=10&sortBy=2025&sortDir=desc&hsLevel=6&currency=USD","australia\trade-map\china_exports_to_australia_hs850980_2020-2025_val.json","66e7896003e7ecc79e0f4f5479b13c81951204441ae3e0a453d9b864bf3c4644","General Customs Administration of China; http://www.customs.gov.cn; since 2015"
"TM-036-target_import_imports_by_supplier-VAL","036","Australia","ITC Trade Map beta","target_import_imports_by_supplier","VAL","850980","2020-2025","2026-09-05T20:06:32+08:00","https://www.trademap.org/api/goods/timeSeries/yearly/byPartner?tradeFlow=I&country=036&partner=000&product=850980&periodFrom=2020&periodTo=2025&directMirror=D&indicator=VAL&page=1&pageSize=500&sortBy=2025&sortDir=desc&currency=USD","tradeFlow=I&country=036&partner=000&product=850980&periodFrom=2020&periodTo=2025&directMirror=D&indicator=VAL&page=1&pageSize=500&sortBy=2025&sortDir=desc&currency=USD","australia\trade-map\australia_imports_from_world_hs850980_2020-2025_by_supplier_val.json","fa1f74217a9dac4894c1500219067752f3c8faf49b9d6ab3c83fa1a7bbd6363b","Australia Bureau of Statistics; http://www.abs.gov.au; since 2012"
"TM-036-china_exports_bilateral-QTY","036","Australia","ITC Trade Map beta","china_exports_bilateral","QTY","850980","2020-2025","2026-09-05T20:06:32+08:00","https://www.trademap.org/api/goods/timeSeries/yearly/byProduct?tradeFlow=E&country=156&partner=036&product=850980&periodFrom=2020&periodTo=2025&directMirror=D&indicator=QTY&page=1&pageSize=10&sortBy=2025&sortDir=desc&hsLevel=6","tradeFlow=E&country=156&partner=036&product=850980&periodFrom=2020&periodTo=2025&directMirror=D&indicator=QTY&page=1&pageSize=10&sortBy=2025&sortDir=desc&hsLevel=6","australia\trade-map\china_exports_to_australia_hs850980_2020-2025_qty.json","0c77c996cfaa6aeb6463d5b0951a4bc9e8637a493cc4d96a3fe70a47accc5154","General Customs Administration of China; http://www.customs.gov.cn; since 2015"
"TM-036-target_import_imports_by_supplier-QTY","036","Australia","ITC Trade Map beta","target_import_imports_by_supplier","QTY","850980","2020-2025","2026-09-05T20:06:32+08:00","https://www.trademap.org/api/goods/timeSeries/yearly/byPartner?tradeFlow=I&country=036&partner=000&product=850980&periodFrom=2020&periodTo=2025&directMirror=D&indicator=QTY&page=1&pageSize=500&sortBy=2025&sortDir=desc","tradeFlow=I&country=036&partner=000&product=850980&periodFrom=2020&periodTo=2025&directMirror=D&indicator=QTY&page=1&pageSize=500&sortBy=2025&sortDir=desc","australia\trade-map\australia_imports_from_world_hs850980_2020-2025_by_supplier_qty.json","8066f1429f01236f8b638710e96b0103f481053db995441a5c26b4d2e41a7147","Australia Bureau of Statistics; http://www.abs.gov.au; since 2012"
"TM-096-china_exports_bilateral-VAL","096","Brunei Darussalam","ITC Trade Map beta","china_exports_bilateral","VAL","850980","2020-2025","2026-09-05T20:06:32+08:00","https://www.trademap.org/api/goods/timeSeries/yearly/byProduct?tradeFlow=E&country=156&partner=096&product=850980&periodFrom=2020&periodTo=2025&directMirror=D&indicator=VAL&page=1&pageSize=10&sortBy=2025&sortDir=desc&hsLevel=6&currency=USD","tradeFlow=E&country=156&partner=096&product=850980&periodFrom=2020&periodTo=2025&directMirror=D&indicator=VAL&page=1&pageSize=10&sortBy=2025&sortDir=desc&hsLevel=6&currency=USD","brunei\trade-map\china_exports_to_brunei_hs850980_2020-2025_val.json","3ded3bac2cd2bb22f101d6c1fe7bce86e0f1d4b736fbf2213e1f03b89a7b29b7","General Customs Administration of China; http://www.customs.gov.cn; since 2015"
"TM-096-target_import_imports_by_supplier-VAL","096","Brunei Darussalam","ITC Trade Map beta","target_import_imports_by_supplier","VAL","850980","2020-2025","2026-09-05T20:06:32+08:00","https://www.trademap.org/api/goods/timeSeries/yearly/byPartner?tradeFlow=I&country=096&partner=000&product=850980&periodFrom=2020&periodTo=2025&directMirror=D&indicator=VAL&page=1&pageSize=500&sortBy=2025&sortDir=desc&currency=USD","tradeFlow=I&country=096&partner=000&product=850980&periodFrom=2020&periodTo=2025&directMirror=D&indicator=VAL&page=1&pageSize=500&sortBy=2025&sortDir=desc&currency=USD","brunei\trade-map\brunei_imports_from_world_hs850980_2020-2025_by_supplier_val.json","29355df4d4e950152acfb5509e551c9be9aca407115d287bbcf314ea876ebf2e","Ministry of Finance of Economy - Department of Economic Planning and Statistics of Brunei Darussalam; https://deps.mofe.gov.bn/Theme/Home.aspx; since 2015"
"TM-096-china_exports_bilateral-QTY","096","Brunei Darussalam","ITC Trade Map beta","china_exports_bilateral","QTY","850980","2020-2025","2026-09-05T20:06:32+08:00","https://www.trademap.org/api/goods/timeSeries/yearly/byProduct?tradeFlow=E&country=156&partner=096&product=850980&periodFrom=2020&periodTo=2025&directMirror=D&indicator=QTY&page=1&pageSize=10&sortBy=2025&sortDir=desc&hsLevel=6","tradeFlow=E&country=156&partner=096&product=850980&periodFrom=2020&periodTo=2025&directMirror=D&indicator=QTY&page=1&pageSize=10&sortBy=2025&sortDir=desc&hsLevel=6","brunei\trade-map\china_exports_to_brunei_hs850980_2020-2025_qty.json","60cddb3279cac269e4b0dbf2a4cb40e35902260ca32e232e201c966c7f0d635d","General Customs Administration of China; http://www.customs.gov.cn; since 2015"
"TM-096-target_import_imports_by_supplier-QTY","096","Brunei Darussalam","ITC Trade Map beta","target_import_imports_by_supplier","QTY","850980","2020-2025","2026-09-05T20:06:32+08:00","https://www.trademap.org/api/goods/timeSeries/yearly/byPartner?tradeFlow=I&country=096&partner=000&product=850980&periodFrom=2020&periodTo=2025&directMirror=D&indicator=QTY&page=1&pageSize=500&sortBy=2025&sortDir=desc","tradeFlow=I&country=096&partner=000&product=850980&periodFrom=2020&periodTo=2025&directMirror=D&indicator=QTY&page=1&pageSize=500&sortBy=2025&sortDir=desc","brunei\trade-map\brunei_imports_from_world_hs850980_2020-2025_by_supplier_qty.json","b771021f2955ee57f5303ac4c646536b1e90db862f9deb7e5a6bff0902d474b7","Ministry of Finance of Economy - Department of Economic Planning and Statistics of Brunei Darussalam; https://deps.mofe.gov.bn/Theme/Home.aspx; since 2015"
"TM-116-china_exports_bilateral-VAL","116","Cambodia","ITC Trade Map beta","china_exports_bilateral","VAL","850980","2020-2025","2026-09-05T20:06:32+08:00","https://www.trademap.org/api/goods/timeSeries/yearly/byProduct?tradeFlow=E&country=156&partner=116&product=850980&periodFrom=2020&periodTo=2025&directMirror=D&indicator=VAL&page=1&pageSize=10&sortBy=2025&sortDir=desc&hsLevel=6&currency=USD","tradeFlow=E&country=156&partner=116&product=850980&periodFrom=2020&periodTo=2025&directMirror=D&indicator=VAL&page=1&pageSize=10&sortBy=2025&sortDir=desc&hsLevel=6&currency=USD","cambodia\trade-map\china_exports_to_cambodia_hs850980_2020-2025_val.json","5c3b9c98aa8f386e99d8e3cbc24b32c569b6d049cafa33f94d31c6e09942d3bd","General Customs Administration of China; http://www.customs.gov.cn; since 2015"
"TM-116-target_import_imports_by_supplier-VAL","116","Cambodia","ITC Trade Map beta","target_import_imports_by_supplier","VAL","850980","2020-2025","2026-09-05T20:06:32+08:00","https://www.trademap.org/api/goods/timeSeries/yearly/byPartner?tradeFlow=I&country=116&partner=000&product=850980&periodFrom=2020&periodTo=2025&directMirror=D&indicator=VAL&page=1&pageSize=500&sortBy=2025&sortDir=desc&currency=USD","tradeFlow=I&country=116&partner=000&product=850980&periodFrom=2020&periodTo=2025&directMirror=D&indicator=VAL&page=1&pageSize=500&sortBy=2025&sortDir=desc&currency=USD","cambodia\trade-map\cambodia_imports_from_world_hs850980_2020-2025_by_supplier_val.json","362c0e2ddf24e06d417952d0003e42b36542774b44c46942c64a76b8cdf0d82c","General Department of Customs and Excise of Cambodia; http://www.customs.gov.kh/en_gb/; since 2016"
"TM-116-china_exports_bilateral-QTY","116","Cambodia","ITC Trade Map beta","china_exports_bilateral","QTY","850980","2020-2025","2026-09-05T20:06:32+08:00","https://www.trademap.org/api/goods/timeSeries/yearly/byProduct?tradeFlow=E&country=156&partner=116&product=850980&periodFrom=2020&periodTo=2025&directMirror=D&indicator=QTY&page=1&pageSize=10&sortBy=2025&sortDir=desc&hsLevel=6","tradeFlow=E&country=156&partner=116&product=850980&periodFrom=2020&periodTo=2025&directMirror=D&indicator=QTY&page=1&pageSize=10&sortBy=2025&sortDir=desc&hsLevel=6","cambodia\trade-map\china_exports_to_cambodia_hs850980_2020-2025_qty.json","b4cf46a7a15912f9fc62f91d3e9c6718437c2fecd09e5bb07d7b3c7c51ed995b","General Customs Administration of China; http://www.customs.gov.cn; since 2015"
"TM-116-target_import_imports_by_supplier-QTY","116","Cambodia","ITC Trade Map beta","target_import_imports_by_supplier","QTY","850980","2020-2025","2026-09-05T20:06:32+08:00","https://www.trademap.org/api/goods/timeSeries/yearly/byPartner?tradeFlow=I&country=116&partner=000&product=850980&periodFrom=2020&periodTo=2025&directMirror=D&indicator=QTY&page=1&pageSize=500&sortBy=2025&sortDir=desc","tradeFlow=I&country=116&partner=000&product=850980&periodFrom=2020&periodTo=2025&directMirror=D&indicator=QTY&page=1&pageSize=500&sortBy=2025&sortDir=desc","cambodia\trade-map\cambodia_imports_from_world_hs850980_2020-2025_by_supplier_qty.json","f84a51a3a215f4717c1bf400788775b677507e54a8a5bd17adbf54ffb4c44efb","General Department of Customs and Excise of Cambodia; http://www.customs.gov.kh/en_gb/; since 2016"
"TM-360-china_exports_bilateral-VAL","360","Indonesia","ITC Trade Map beta","china_exports_bilateral","VAL","850980","2020-2025","2026-09-05T20:06:32+08:00","https://www.trademap.org/api/goods/timeSeries/yearly/byProduct?tradeFlow=E&country=156&partner=360&product=850980&periodFrom=2020&periodTo=2025&directMirror=D&indicator=VAL&page=1&pageSize=10&sortBy=2025&sortDir=desc&hsLevel=6&currency=USD","tradeFlow=E&country=156&partner=360&product=850980&periodFrom=2020&periodTo=2025&directMirror=D&indicator=VAL&page=1&pageSize=10&sortBy=2025&sortDir=desc&hsLevel=6&currency=USD","indonesia\trade-map\china_exports_to_indonesia_hs850980_2020-2025_val.json","30c95e7d31b42bdd39d7a81706c00bcd6b9568f86b1ac88a57968d1a74d5515e","General Customs Administration of China; http://www.customs.gov.cn; since 2015"
"TM-360-target_import_imports_by_supplier-VAL","360","Indonesia","ITC Trade Map beta","target_import_imports_by_supplier","VAL","850980","2020-2025","2026-09-05T20:06:32+08:00","https://www.trademap.org/api/goods/timeSeries/yearly/byPartner?tradeFlow=I&country=360&partner=000&product=850980&periodFrom=2020&periodTo=2025&directMirror=D&indicator=VAL&page=1&pageSize=500&sortBy=2025&sortDir=desc&currency=USD","tradeFlow=I&country=360&partner=000&product=850980&periodFrom=2020&periodTo=2025&directMirror=D&indicator=VAL&page=1&pageSize=500&sortBy=2025&sortDir=desc&currency=USD","indonesia\trade-map\indonesia_imports_from_world_hs850980_2020-2025_by_supplier_val.json","d20f1d53f113401a2cc58455fddc4be86955c99f7090101c52a22d95654c45a6","BPS-Statistics Indonesia; http://dds.bps.go.id/eng/; since 2015"
"TM-360-china_exports_bilateral-QTY","360","Indonesia","ITC Trade Map beta","china_exports_bilateral","QTY","850980","2020-2025","2026-09-05T20:06:32+08:00","https://www.trademap.org/api/goods/timeSeries/yearly/byProduct?tradeFlow=E&country=156&partner=360&product=850980&periodFrom=2020&periodTo=2025&directMirror=D&indicator=QTY&page=1&pageSize=10&sortBy=2025&sortDir=desc&hsLevel=6","tradeFlow=E&country=156&partner=360&product=850980&periodFrom=2020&periodTo=2025&directMirror=D&indicator=QTY&page=1&pageSize=10&sortBy=2025&sortDir=desc&hsLevel=6","indonesia\trade-map\china_exports_to_indonesia_hs850980_2020-2025_qty.json","636699c2c93609660a452d4af27cbf94af28b3f09db73e8a195f8d58578a7443","General Customs Administration of China; http://www.customs.gov.cn; since 2015"
"TM-360-target_import_imports_by_supplier-QTY","360","Indonesia","ITC Trade Map beta","target_import_imports_by_supplier","QTY","850980","2020-2025","2026-09-05T20:06:32+08:00","https://www.trademap.org/api/goods/timeSeries/yearly/byPartner?tradeFlow=I&country=360&partner=000&product=850980&periodFrom=2020&periodTo=2025&directMirror=D&indicator=QTY&page=1&pageSize=500&sortBy=2025&sortDir=desc","tradeFlow=I&country=360&partner=000&product=850980&periodFrom=2020&periodTo=2025&directMirror=D&indicator=QTY&page=1&pageSize=500&sortBy=2025&sortDir=desc","indonesia\trade-map\indonesia_imports_from_world_hs850980_2020-2025_by_supplier_qty.json","7ccc65ae39d8045a6e77029e9e2be31f8524d9e9c27d69b319a3582b3fd6ed6e","BPS-Statistics Indonesia; http://dds.bps.go.id/eng/; since 2015"
"TM-392-china_exports_bilateral-VAL","392","Japan","ITC Trade Map beta","china_exports_bilateral","VAL","850980","2020-2025","2026-09-05T20:06:32+08:00","https://www.trademap.org/api/goods/timeSeries/yearly/byProduct?tradeFlow=E&country=156&partner=392&product=850980&periodFrom=2020&periodTo=2025&directMirror=D&indicator=VAL&page=1&pageSize=10&sortBy=2025&sortDir=desc&hsLevel=6&currency=USD","tradeFlow=E&country=156&partner=392&product=850980&periodFrom=2020&periodTo=2025&directMirror=D&indicator=VAL&page=1&pageSize=10&sortBy=2025&sortDir=desc&hsLevel=6&currency=USD","japan\trade-map\china_exports_to_japan_hs850980_2020-2025_val.json","00d302ea1fb451635433c1ca26a5262e10da8f2eb7012d23a1072c7099478adb","General Customs Administration of China; http://www.customs.gov.cn; since 2015"
"TM-392-target_import_imports_by_supplier-VAL","392","Japan","ITC Trade Map beta","target_import_imports_by_supplier","VAL","850980","2020-2025","2026-09-05T20:06:32+08:00","https://www.trademap.org/api/goods/timeSeries/yearly/byPartner?tradeFlow=I&country=392&partner=000&product=850980&periodFrom=2020&periodTo=2025&directMirror=D&indicator=VAL&page=1&pageSize=500&sortBy=2025&sortDir=desc&currency=USD","tradeFlow=I&country=392&partner=000&product=850980&periodFrom=2020&periodTo=2025&directMirror=D&indicator=VAL&page=1&pageSize=500&sortBy=2025&sortDir=desc&currency=USD","japan\trade-map\japan_imports_from_world_hs850980_2020-2025_by_supplier_val.json","157517ac8131c7ed844f2412cc77bf48c7d0086b21ff716ea38cd9dd39772fec","Japanese Ministry of Finance; http://www.customs.go.jp; since 2015"
"TM-392-china_exports_bilateral-QTY","392","Japan","ITC Trade Map beta","china_exports_bilateral","QTY","850980","2020-2025","2026-09-05T20:06:32+08:00","https://www.trademap.org/api/goods/timeSeries/yearly/byProduct?tradeFlow=E&country=156&partner=392&product=850980&periodFrom=2020&periodTo=2025&directMirror=D&indicator=QTY&page=1&pageSize=10&sortBy=2025&sortDir=desc&hsLevel=6","tradeFlow=E&country=156&partner=392&product=850980&periodFrom=2020&periodTo=2025&directMirror=D&indicator=QTY&page=1&pageSize=10&sortBy=2025&sortDir=desc&hsLevel=6","japan\trade-map\china_exports_to_japan_hs850980_2020-2025_qty.json","4b9ae21f5e2ac53b36a6be38bcd39f21ddafa791064d62fcd06fbf18b6fbf4ca","General Customs Administration of China; http://www.customs.gov.cn; since 2015"
"TM-392-target_import_imports_by_supplier-QTY","392","Japan","ITC Trade Map beta","target_import_imports_by_supplier","QTY","850980","2020-2025","2026-09-05T20:06:32+08:00","https://www.trademap.org/api/goods/timeSeries/yearly/byPartner?tradeFlow=I&country=392&partner=000&product=850980&periodFrom=2020&periodTo=2025&directMirror=D&indicator=QTY&page=1&pageSize=500&sortBy=2025&sortDir=desc","tradeFlow=I&country=392&partner=000&product=850980&periodFrom=2020&periodTo=2025&directMirror=D&indicator=QTY&page=1&pageSize=500&sortBy=2025&sortDir=desc","japan\trade-map\japan_imports_from_world_hs850980_2020-2025_by_supplier_qty.json","89f997c99c5ecff17d06dc90187d73c89f32644f764a51c663b7024ebed5524c","Japanese Ministry of Finance; http://www.customs.go.jp; since 2015"
"TM-410-china_exports_bilateral-VAL","410","Korea, Republic of","ITC Trade Map beta","china_exports_bilateral","VAL","850980","2020-2025","2026-09-05T20:06:32+08:00","https://www.trademap.org/api/goods/timeSeries/yearly/byProduct?tradeFlow=E&country=156&partner=410&product=850980&periodFrom=2020&periodTo=2025&directMirror=D&indicator=VAL&page=1&pageSize=10&sortBy=2025&sortDir=desc&hsLevel=6&currency=USD","tradeFlow=E&country=156&partner=410&product=850980&periodFrom=2020&periodTo=2025&directMirror=D&indicator=VAL&page=1&pageSize=10&sortBy=2025&sortDir=desc&hsLevel=6&currency=USD","south-korea\trade-map\china_exports_to_south-korea_hs850980_2020-2025_val.json","16641c445cf9ac08a3966b3071406927e62e39b30256f007bbbc71bfb51fc70e","General Customs Administration of China; http://www.customs.gov.cn; since 2015"
"TM-410-target_import_imports_by_supplier-VAL","410","Korea, Republic of","ITC Trade Map beta","target_import_imports_by_supplier","VAL","850980","2020-2025","2026-09-05T20:06:32+08:00","https://www.trademap.org/api/goods/timeSeries/yearly/byPartner?tradeFlow=I&country=410&partner=000&product=850980&periodFrom=2020&periodTo=2025&directMirror=D&indicator=VAL&page=1&pageSize=500&sortBy=2025&sortDir=desc&currency=USD","tradeFlow=I&country=410&partner=000&product=850980&periodFrom=2020&periodTo=2025&directMirror=D&indicator=VAL&page=1&pageSize=500&sortBy=2025&sortDir=desc&currency=USD","south-korea\trade-map\south-korea_imports_from_world_hs850980_2020-2025_by_supplier_val.json","06b536890c94a1cad1e8a395f16c25fd092810775eb5cf2ea82e8d1371b8049e","Korea Customs and Trade Development Institute (KCTDI); http://www.kctdi.or.kr; since 2013"
"TM-410-china_exports_bilateral-QTY","410","Korea, Republic of","ITC Trade Map beta","china_exports_bilateral","QTY","850980","2020-2025","2026-09-05T20:06:32+08:00","https://www.trademap.org/api/goods/timeSeries/yearly/byProduct?tradeFlow=E&country=156&partner=410&product=850980&periodFrom=2020&periodTo=2025&directMirror=D&indicator=QTY&page=1&pageSize=10&sortBy=2025&sortDir=desc&hsLevel=6","tradeFlow=E&country=156&partner=410&product=850980&periodFrom=2020&periodTo=2025&directMirror=D&indicator=QTY&page=1&pageSize=10&sortBy=2025&sortDir=desc&hsLevel=6","south-korea\trade-map\china_exports_to_south-korea_hs850980_2020-2025_qty.json","dd3ef94812313c3311e528e583751964f774fb5eaa4e01386da49c1a72e6bb82","General Customs Administration of China; http://www.customs.gov.cn; since 2015"
"TM-410-target_import_imports_by_supplier-QTY","410","Korea, Republic of","ITC Trade Map beta","target_import_imports_by_supplier","QTY","850980","2020-2025","2026-09-05T20:06:32+08:00","https://www.trademap.org/api/goods/timeSeries/yearly/byPartner?tradeFlow=I&country=410&partner=000&product=850980&periodFrom=2020&periodTo=2025&directMirror=D&indicator=QTY&page=1&pageSize=500&sortBy=2025&sortDir=desc","tradeFlow=I&country=410&partner=000&product=850980&periodFrom=2020&periodTo=2025&directMirror=D&indicator=QTY&page=1&pageSize=500&sortBy=2025&sortDir=desc","south-korea\trade-map\south-korea_imports_from_world_hs850980_2020-2025_by_supplier_qty.json","2e4f05e85db4d542602a549cfea3cb9fcbe7a6ebca9730602f2e5003c6724c03","Korea Customs and Trade Development Institute (KCTDI); http://www.kctdi.or.kr; since 2013"
"TM-418-china_exports_bilateral-VAL","418","Lao People's Democratic Republic","ITC Trade Map beta","china_exports_bilateral","VAL","850980","2020-2025","2026-09-05T20:06:32+08:00","https://www.trademap.org/api/goods/timeSeries/yearly/byProduct?tradeFlow=E&country=156&partner=418&product=850980&periodFrom=2020&periodTo=2025&directMirror=D&indicator=VAL&page=1&pageSize=10&sortBy=2025&sortDir=desc&hsLevel=6&currency=USD","tradeFlow=E&country=156&partner=418&product=850980&periodFrom=2020&periodTo=2025&directMirror=D&indicator=VAL&page=1&pageSize=10&sortBy=2025&sortDir=desc&hsLevel=6&currency=USD","laos\trade-map\china_exports_to_laos_hs850980_2020-2025_val.json","bcdbf51eded4905b4873bc3b3153463ca3868196c214ff6454b01a3bf60b2a9b","General Customs Administration of China; http://www.customs.gov.cn; since 2015"
"TM-418-target_import_imports_by_supplier-VAL","418","Lao People's Democratic Republic","ITC Trade Map beta","target_import_imports_by_supplier","VAL","850980","2020-2025","2026-09-05T20:06:32+08:00","https://www.trademap.org/api/goods/timeSeries/yearly/byPartner?tradeFlow=I&country=418&partner=000&product=850980&periodFrom=2020&periodTo=2025&directMirror=D&indicator=VAL&page=1&pageSize=500&sortBy=2025&sortDir=desc&currency=USD","tradeFlow=I&country=418&partner=000&product=850980&periodFrom=2020&periodTo=2025&directMirror=D&indicator=VAL&page=1&pageSize=500&sortBy=2025&sortDir=desc&currency=USD","laos\trade-map\laos_imports_from_world_hs850980_2020-2025_by_supplier_val.json","77336019351258eeaf03964240d728189872927c622bd6795bad7461f2977faf","Lao Statistics Bureau; https://www.lsb.gov.la/en/home/; since 2019 | UN COMTRADE; http://comtrade.un.org; since 2022"
"TM-418-china_exports_bilateral-QTY","418","Lao People's Democratic Republic","ITC Trade Map beta","china_exports_bilateral","QTY","850980","2020-2025","2026-09-05T20:06:32+08:00","https://www.trademap.org/api/goods/timeSeries/yearly/byProduct?tradeFlow=E&country=156&partner=418&product=850980&periodFrom=2020&periodTo=2025&directMirror=D&indicator=QTY&page=1&pageSize=10&sortBy=2025&sortDir=desc&hsLevel=6","tradeFlow=E&country=156&partner=418&product=850980&periodFrom=2020&periodTo=2025&directMirror=D&indicator=QTY&page=1&pageSize=10&sortBy=2025&sortDir=desc&hsLevel=6","laos\trade-map\china_exports_to_laos_hs850980_2020-2025_qty.json","6d659eaf934a276eb69644b8a132d1b84f26e88adf1559e85246307451ffd8c9","General Customs Administration of China; http://www.customs.gov.cn; since 2015"
"TM-418-target_import_imports_by_supplier-QTY","418","Lao People's Democratic Republic","ITC Trade Map beta","target_import_imports_by_supplier","QTY","850980","2020-2025","2026-09-05T20:06:32+08:00","https://www.trademap.org/api/goods/timeSeries/yearly/byPartner?tradeFlow=I&country=418&partner=000&product=850980&periodFrom=2020&periodTo=2025&directMirror=D&indicator=QTY&page=1&pageSize=500&sortBy=2025&sortDir=desc","tradeFlow=I&country=418&partner=000&product=850980&periodFrom=2020&periodTo=2025&directMirror=D&indicator=QTY&page=1&pageSize=500&sortBy=2025&sortDir=desc","laos\trade-map\laos_imports_from_world_hs850980_2020-2025_by_supplier_qty.json","dc773a5446a2133bcbe649d0239d15b9e80a763c24068ca1a79652b1e4e657ec","Lao Statistics Bureau; https://www.lsb.gov.la/en/home/; since 2019 | UN COMTRADE; http://comtrade.un.org; since 2022"
"TM-458-china_exports_bilateral-VAL","458","Malaysia","ITC Trade Map beta","china_exports_bilateral","VAL","850980","2020-2025","2026-09-05T20:06:32+08:00","https://www.trademap.org/api/goods/timeSeries/yearly/byProduct?tradeFlow=E&country=156&partner=458&product=850980&periodFrom=2020&periodTo=2025&directMirror=D&indicator=VAL&page=1&pageSize=10&sortBy=2025&sortDir=desc&hsLevel=6&currency=USD","tradeFlow=E&country=156&partner=458&product=850980&periodFrom=2020&periodTo=2025&directMirror=D&indicator=VAL&page=1&pageSize=10&sortBy=2025&sortDir=desc&hsLevel=6&currency=USD","malaysia\trade-map\china_exports_to_malaysia_hs850980_2020-2025_val.json","59853796d19bdb59b0fff23f0121224f2d9067bb1bf12844c866d144206a3cd0","General Customs Administration of China; http://www.customs.gov.cn; since 2015"
"TM-458-target_import_imports_by_supplier-VAL","458","Malaysia","ITC Trade Map beta","target_import_imports_by_supplier","VAL","850980","2020-2025","2026-09-05T20:06:32+08:00","https://www.trademap.org/api/goods/timeSeries/yearly/byPartner?tradeFlow=I&country=458&partner=000&product=850980&periodFrom=2020&periodTo=2025&directMirror=D&indicator=VAL&page=1&pageSize=500&sortBy=2025&sortDir=desc&currency=USD","tradeFlow=I&country=458&partner=000&product=850980&periodFrom=2020&periodTo=2025&directMirror=D&indicator=VAL&page=1&pageSize=500&sortBy=2025&sortDir=desc&currency=USD","malaysia\trade-map\malaysia_imports_from_world_hs850980_2020-2025_by_supplier_val.json","3f83f7b17ef769e9d2e80853bbbfb96437aa7aef6962db46089f15c14235aa32","Department of Statistics Malaysia (DOSM); http://www.statistics.gov.my; since 2015"
"TM-458-china_exports_bilateral-QTY","458","Malaysia","ITC Trade Map beta","china_exports_bilateral","QTY","850980","2020-2025","2026-09-05T20:06:32+08:00","https://www.trademap.org/api/goods/timeSeries/yearly/byProduct?tradeFlow=E&country=156&partner=458&product=850980&periodFrom=2020&periodTo=2025&directMirror=D&indicator=QTY&page=1&pageSize=10&sortBy=2025&sortDir=desc&hsLevel=6","tradeFlow=E&country=156&partner=458&product=850980&periodFrom=2020&periodTo=2025&directMirror=D&indicator=QTY&page=1&pageSize=10&sortBy=2025&sortDir=desc&hsLevel=6","malaysia\trade-map\china_exports_to_malaysia_hs850980_2020-2025_qty.json","eed7e00f3241d3b279bcdc6c9a11e75e1653ac44ed4c39e6f3936303c0b6243a","General Customs Administration of China; http://www.customs.gov.cn; since 2015"
"TM-458-target_import_imports_by_supplier-QTY","458","Malaysia","ITC Trade Map beta","target_import_imports_by_supplier","QTY","850980","2020-2025","2026-09-05T20:06:32+08:00","https://www.trademap.org/api/goods/timeSeries/yearly/byPartner?tradeFlow=I&country=458&partner=000&product=850980&periodFrom=2020&periodTo=2025&directMirror=D&indicator=QTY&page=1&pageSize=500&sortBy=2025&sortDir=desc","tradeFlow=I&country=458&partner=000&product=850980&periodFrom=2020&periodTo=2025&directMirror=D&indicator=QTY&page=1&pageSize=500&sortBy=2025&sortDir=desc","malaysia\trade-map\malaysia_imports_from_world_hs850980_2020-2025_by_supplier_qty.json","086bbff9cfaa01a8bf3f61511a2af8958886c75ce443088fbdcc6e50fc053ab3","Department of Statistics Malaysia (DOSM); http://www.statistics.gov.my; since 2015"
"TM-104-china_exports_bilateral-VAL","104","Myanmar","ITC Trade Map beta","china_exports_bilateral","VAL","850980","2020-2025","2026-09-05T20:06:32+08:00","https://www.trademap.org/api/goods/timeSeries/yearly/byProduct?tradeFlow=E&country=156&partner=104&product=850980&periodFrom=2020&periodTo=2025&directMirror=D&indicator=VAL&page=1&pageSize=10&sortBy=2025&sortDir=desc&hsLevel=6&currency=USD","tradeFlow=E&country=156&partner=104&product=850980&periodFrom=2020&periodTo=2025&directMirror=D&indicator=VAL&page=1&pageSize=10&sortBy=2025&sortDir=desc&hsLevel=6&currency=USD","myanmar\trade-map\china_exports_to_myanmar_hs850980_2020-2025_val.json","34537f2395ae51a172d672bb6dc370fa8d0c5c619b58174f355a7876aec5f8c3","General Customs Administration of China; http://www.customs.gov.cn; since 2015"
"TM-104-target_import_imports_by_supplier-VAL","104","Myanmar","ITC Trade Map beta","target_import_imports_by_supplier","VAL","850980","2020-2025","2026-09-05T20:06:32+08:00","https://www.trademap.org/api/goods/timeSeries/yearly/byPartner?tradeFlow=I&country=104&partner=000&product=850980&periodFrom=2020&periodTo=2025&directMirror=D&indicator=VAL&page=1&pageSize=500&sortBy=2025&sortDir=desc&currency=USD","tradeFlow=I&country=104&partner=000&product=850980&periodFrom=2020&periodTo=2025&directMirror=D&indicator=VAL&page=1&pageSize=500&sortBy=2025&sortDir=desc&currency=USD","myanmar\trade-map\myanmar_imports_from_world_hs850980_2020-2025_by_supplier_val.json","da51cd27bcdae919b1ea70d3de0da828f6eb0481b1d5d83f7eeff7cb4f5fe20b","UN COMTRADE; http://comtrade.un.org; since 2010"
"TM-104-china_exports_bilateral-QTY","104","Myanmar","ITC Trade Map beta","china_exports_bilateral","QTY","850980","2020-2025","2026-09-05T20:06:32+08:00","https://www.trademap.org/api/goods/timeSeries/yearly/byProduct?tradeFlow=E&country=156&partner=104&product=850980&periodFrom=2020&periodTo=2025&directMirror=D&indicator=QTY&page=1&pageSize=10&sortBy=2025&sortDir=desc&hsLevel=6","tradeFlow=E&country=156&partner=104&product=850980&periodFrom=2020&periodTo=2025&directMirror=D&indicator=QTY&page=1&pageSize=10&sortBy=2025&sortDir=desc&hsLevel=6","myanmar\trade-map\china_exports_to_myanmar_hs850980_2020-2025_qty.json","ef4189d7434ddec2d4a89b789a492c7af2cc4c7065fe39fd00ed641c5d7a0978","General Customs Administration of China; http://www.customs.gov.cn; since 2015"
"TM-104-target_import_imports_by_supplier-QTY","104","Myanmar","ITC Trade Map beta","target_import_imports_by_supplier","QTY","850980","2020-2025","2026-09-05T20:06:32+08:00","https://www.trademap.org/api/goods/timeSeries/yearly/byPartner?tradeFlow=I&country=104&partner=000&product=850980&periodFrom=2020&periodTo=2025&directMirror=D&indicator=QTY&page=1&pageSize=500&sortBy=2025&sortDir=desc","tradeFlow=I&country=104&partner=000&product=850980&periodFrom=2020&periodTo=2025&directMirror=D&indicator=QTY&page=1&pageSize=500&sortBy=2025&sortDir=desc","myanmar\trade-map\myanmar_imports_from_world_hs850980_2020-2025_by_supplier_qty.json","6b81b53e5fc1d1e711280d942a11528a3dd0b951c3adf77ff3fb0452fe5a714c","UN COMTRADE; http://comtrade.un.org; since 2010"
"TM-554-china_exports_bilateral-VAL","554","New Zealand","ITC Trade Map beta","china_exports_bilateral","VAL","850980","2020-2025","2026-09-05T20:06:32+08:00","https://www.trademap.org/api/goods/timeSeries/yearly/byProduct?tradeFlow=E&country=156&partner=554&product=850980&periodFrom=2020&periodTo=2025&directMirror=D&indicator=VAL&page=1&pageSize=10&sortBy=2025&sortDir=desc&hsLevel=6&currency=USD","tradeFlow=E&country=156&partner=554&product=850980&periodFrom=2020&periodTo=2025&directMirror=D&indicator=VAL&page=1&pageSize=10&sortBy=2025&sortDir=desc&hsLevel=6&currency=USD","new-zealand\trade-map\china_exports_to_new-zealand_hs850980_2020-2025_val.json","9ff706cc1e8262aaf63d1b6c7e77dad070e732e9ea8052d39b4fd311656baabb","General Customs Administration of China; http://www.customs.gov.cn; since 2015"
"TM-554-target_import_imports_by_supplier-VAL","554","New Zealand","ITC Trade Map beta","target_import_imports_by_supplier","VAL","850980","2020-2025","2026-09-05T20:06:32+08:00","https://www.trademap.org/api/goods/timeSeries/yearly/byPartner?tradeFlow=I&country=554&partner=000&product=850980&periodFrom=2020&periodTo=2025&directMirror=D&indicator=VAL&page=1&pageSize=500&sortBy=2025&sortDir=desc&currency=USD","tradeFlow=I&country=554&partner=000&product=850980&periodFrom=2020&periodTo=2025&directMirror=D&indicator=VAL&page=1&pageSize=500&sortBy=2025&sortDir=desc&currency=USD","new-zealand\trade-map\new-zealand_imports_from_world_hs850980_2020-2025_by_supplier_val.json","a876c711b1c0598059904929ea5f670eb738bb1423cb386c517d68e6b8a0e283","Statistics New Zealand; http://www.stats.govt.nz; since 2015"
"TM-554-china_exports_bilateral-QTY","554","New Zealand","ITC Trade Map beta","china_exports_bilateral","QTY","850980","2020-2025","2026-09-05T20:06:32+08:00","https://www.trademap.org/api/goods/timeSeries/yearly/byProduct?tradeFlow=E&country=156&partner=554&product=850980&periodFrom=2020&periodTo=2025&directMirror=D&indicator=QTY&page=1&pageSize=10&sortBy=2025&sortDir=desc&hsLevel=6","tradeFlow=E&country=156&partner=554&product=850980&periodFrom=2020&periodTo=2025&directMirror=D&indicator=QTY&page=1&pageSize=10&sortBy=2025&sortDir=desc&hsLevel=6","new-zealand\trade-map\china_exports_to_new-zealand_hs850980_2020-2025_qty.json","09877b856e152e9e2801361332eb531b26c1914ceedbf8435591cf9a7faa4bb5","General Customs Administration of China; http://www.customs.gov.cn; since 2015"
"TM-554-target_import_imports_by_supplier-QTY","554","New Zealand","ITC Trade Map beta","target_import_imports_by_supplier","QTY","850980","2020-2025","2026-09-05T20:06:32+08:00","https://www.trademap.org/api/goods/timeSeries/yearly/byPartner?tradeFlow=I&country=554&partner=000&product=850980&periodFrom=2020&periodTo=2025&directMirror=D&indicator=QTY&page=1&pageSize=500&sortBy=2025&sortDir=desc","tradeFlow=I&country=554&partner=000&product=850980&periodFrom=2020&periodTo=2025&directMirror=D&indicator=QTY&page=1&pageSize=500&sortBy=2025&sortDir=desc","new-zealand\trade-map\new-zealand_imports_from_world_hs850980_2020-2025_by_supplier_qty.json","dd3287d3cf3a298955331784c8c5d0b461d50ff1f65174cbcad7f579cf6062af","Statistics New Zealand; http://www.stats.govt.nz; since 2015"
"TM-608-china_exports_bilateral-VAL","608","Philippines","ITC Trade Map beta","china_exports_bilateral","VAL","850980","2020-2025","2026-09-05T20:06:32+08:00","https://www.trademap.org/api/goods/timeSeries/yearly/byProduct?tradeFlow=E&country=156&partner=608&product=850980&periodFrom=2020&periodTo=2025&directMirror=D&indicator=VAL&page=1&pageSize=10&sortBy=2025&sortDir=desc&hsLevel=6&currency=USD","tradeFlow=E&country=156&partner=608&product=850980&periodFrom=2020&periodTo=2025&directMirror=D&indicator=VAL&page=1&pageSize=10&sortBy=2025&sortDir=desc&hsLevel=6&currency=USD","philippines\trade-map\china_exports_to_philippines_hs850980_2020-2025_val.json","5bf705a337cd1015cb1b5540487b597da2fbb77318b69222a90207bdaeeffb30","General Customs Administration of China; http://www.customs.gov.cn; since 2015"
"TM-608-target_import_imports_by_supplier-VAL","608","Philippines","ITC Trade Map beta","target_import_imports_by_supplier","VAL","850980","2020-2025","2026-09-05T20:06:32+08:00","https://www.trademap.org/api/goods/timeSeries/yearly/byPartner?tradeFlow=I&country=608&partner=000&product=850980&periodFrom=2020&periodTo=2025&directMirror=D&indicator=VAL&page=1&pageSize=500&sortBy=2025&sortDir=desc&currency=USD","tradeFlow=I&country=608&partner=000&product=850980&periodFrom=2020&periodTo=2025&directMirror=D&indicator=VAL&page=1&pageSize=500&sortBy=2025&sortDir=desc&currency=USD","philippines\trade-map\philippines_imports_from_world_hs850980_2020-2025_by_supplier_val.json","09b8ad6e9163a8c3480982466ac33a549b17881c982691b4ab35581ac7d85198","National Statistics Office, Republic of the Philippines; http://www.census.gov.ph; since 2015"
"TM-608-china_exports_bilateral-QTY","608","Philippines","ITC Trade Map beta","china_exports_bilateral","QTY","850980","2020-2025","2026-09-05T20:06:32+08:00","https://www.trademap.org/api/goods/timeSeries/yearly/byProduct?tradeFlow=E&country=156&partner=608&product=850980&periodFrom=2020&periodTo=2025&directMirror=D&indicator=QTY&page=1&pageSize=10&sortBy=2025&sortDir=desc&hsLevel=6","tradeFlow=E&country=156&partner=608&product=850980&periodFrom=2020&periodTo=2025&directMirror=D&indicator=QTY&page=1&pageSize=10&sortBy=2025&sortDir=desc&hsLevel=6","philippines\trade-map\china_exports_to_philippines_hs850980_2020-2025_qty.json","0c34b408064b012e13e43e5e997d7c24b1b50ac93dc8e48c4be33f69b70238e3","General Customs Administration of China; http://www.customs.gov.cn; since 2015"
"TM-608-target_import_imports_by_supplier-QTY","608","Philippines","ITC Trade Map beta","target_import_imports_by_supplier","QTY","850980","2020-2025","2026-09-05T20:06:32+08:00","https://www.trademap.org/api/goods/timeSeries/yearly/byPartner?tradeFlow=I&country=608&partner=000&product=850980&periodFrom=2020&periodTo=2025&directMirror=D&indicator=QTY&page=1&pageSize=500&sortBy=2025&sortDir=desc","tradeFlow=I&country=608&partner=000&product=850980&periodFrom=2020&periodTo=2025&directMirror=D&indicator=QTY&page=1&pageSize=500&sortBy=2025&sortDir=desc","philippines\trade-map\philippines_imports_from_world_hs850980_2020-2025_by_supplier_qty.json","8bdfce0b5cb10d60ae91102320af4d7911ec5a7e27a45af840402c0a85a3f4e3","National Statistics Office, Republic of the Philippines; http://www.census.gov.ph; since 2015"
"TM-702-china_exports_bilateral-VAL","702","Singapore","ITC Trade Map beta","china_exports_bilateral","VAL","850980","2020-2025","2026-09-05T20:06:32+08:00","https://www.trademap.org/api/goods/timeSeries/yearly/byProduct?tradeFlow=E&country=156&partner=702&product=850980&periodFrom=2020&periodTo=2025&directMirror=D&indicator=VAL&page=1&pageSize=10&sortBy=2025&sortDir=desc&hsLevel=6&currency=USD","tradeFlow=E&country=156&partner=702&product=850980&periodFrom=2020&periodTo=2025&directMirror=D&indicator=VAL&page=1&pageSize=10&sortBy=2025&sortDir=desc&hsLevel=6&currency=USD","singapore\trade-map\china_exports_to_singapore_hs850980_2020-2025_val.json","9e5dd48472cc3a664f9beda63599cd7b568cb4504d3291a39ec58f2365d976d0","General Customs Administration of China; http://www.customs.gov.cn; since 2015"
"TM-702-target_import_imports_by_supplier-VAL","702","Singapore","ITC Trade Map beta","target_import_imports_by_supplier","VAL","850980","2020-2025","2026-09-05T20:06:32+08:00","https://www.trademap.org/api/goods/timeSeries/yearly/byPartner?tradeFlow=I&country=702&partner=000&product=850980&periodFrom=2020&periodTo=2025&directMirror=D&indicator=VAL&page=1&pageSize=500&sortBy=2025&sortDir=desc&currency=USD","tradeFlow=I&country=702&partner=000&product=850980&periodFrom=2020&periodTo=2025&directMirror=D&indicator=VAL&page=1&pageSize=500&sortBy=2025&sortDir=desc&currency=USD","singapore\trade-map\singapore_imports_from_world_hs850980_2020-2025_by_supplier_val.json","a1cbd0190a1e9ed54d5d01404cd49e8b831200ef44f707b7ea61b4484bc151da","IE Singapore; http://www.iesingapore.gov.sg; since 2012"
"TM-702-china_exports_bilateral-QTY","702","Singapore","ITC Trade Map beta","china_exports_bilateral","QTY","850980","2020-2025","2026-09-05T20:06:32+08:00","https://www.trademap.org/api/goods/timeSeries/yearly/byProduct?tradeFlow=E&country=156&partner=702&product=850980&periodFrom=2020&periodTo=2025&directMirror=D&indicator=QTY&page=1&pageSize=10&sortBy=2025&sortDir=desc&hsLevel=6","tradeFlow=E&country=156&partner=702&product=850980&periodFrom=2020&periodTo=2025&directMirror=D&indicator=QTY&page=1&pageSize=10&sortBy=2025&sortDir=desc&hsLevel=6","singapore\trade-map\china_exports_to_singapore_hs850980_2020-2025_qty.json","b4189fd43c0056516123bccf86d9501c8da5ec87af1c2797b7ab30e6461f62ae","General Customs Administration of China; http://www.customs.gov.cn; since 2015"
"TM-702-target_import_imports_by_supplier-QTY","702","Singapore","ITC Trade Map beta","target_import_imports_by_supplier","QTY","850980","2020-2025","2026-09-05T20:06:32+08:00","https://www.trademap.org/api/goods/timeSeries/yearly/byPartner?tradeFlow=I&country=702&partner=000&product=850980&periodFrom=2020&periodTo=2025&directMirror=D&indicator=QTY&page=1&pageSize=500&sortBy=2025&sortDir=desc","tradeFlow=I&country=702&partner=000&product=850980&periodFrom=2020&periodTo=2025&directMirror=D&indicator=QTY&page=1&pageSize=500&sortBy=2025&sortDir=desc","singapore\trade-map\singapore_imports_from_world_hs850980_2020-2025_by_supplier_qty.json","1eec6dd8d76cf47fa0592414c029d417ac2c43d9d53b5c4c9aa6b7f920cc5982","IE Singapore; http://www.iesingapore.gov.sg; since 2012"
"TM-764-china_exports_bilateral-VAL","764","Thailand","ITC Trade Map beta","china_exports_bilateral","VAL","850980","2020-2025","2026-09-05T20:06:32+08:00","https://www.trademap.org/api/goods/timeSeries/yearly/byProduct?tradeFlow=E&country=156&partner=764&product=850980&periodFrom=2020&periodTo=2025&directMirror=D&indicator=VAL&page=1&pageSize=10&sortBy=2025&sortDir=desc&hsLevel=6&currency=USD","tradeFlow=E&country=156&partner=764&product=850980&periodFrom=2020&periodTo=2025&directMirror=D&indicator=VAL&page=1&pageSize=10&sortBy=2025&sortDir=desc&hsLevel=6&currency=USD","thailand\trade-map\china_exports_to_thailand_hs850980_2020-2025_val.json","e7dca8cb73559f1f259fadf804938d4d5c5b5abf5bc9696dfeb1f87083e976d2","General Customs Administration of China; http://www.customs.gov.cn; since 2015"
"TM-764-target_import_imports_by_supplier-VAL","764","Thailand","ITC Trade Map beta","target_import_imports_by_supplier","VAL","850980","2020-2025","2026-09-05T20:06:32+08:00","https://www.trademap.org/api/goods/timeSeries/yearly/byPartner?tradeFlow=I&country=764&partner=000&product=850980&periodFrom=2020&periodTo=2025&directMirror=D&indicator=VAL&page=1&pageSize=500&sortBy=2025&sortDir=desc&currency=USD","tradeFlow=I&country=764&partner=000&product=850980&periodFrom=2020&periodTo=2025&directMirror=D&indicator=VAL&page=1&pageSize=500&sortBy=2025&sortDir=desc&currency=USD","thailand\trade-map\thailand_imports_from_world_hs850980_2020-2025_by_supplier_val.json","8af489a54b5c0ddfef309279cc04213e389304fb53095232f4c1f66a77b737b4","The customs department of the kingdom of Thailand; http://www.customs.go.th/; since 2015"
"TM-764-china_exports_bilateral-QTY","764","Thailand","ITC Trade Map beta","china_exports_bilateral","QTY","850980","2020-2025","2026-09-05T20:06:32+08:00","https://www.trademap.org/api/goods/timeSeries/yearly/byProduct?tradeFlow=E&country=156&partner=764&product=850980&periodFrom=2020&periodTo=2025&directMirror=D&indicator=QTY&page=1&pageSize=10&sortBy=2025&sortDir=desc&hsLevel=6","tradeFlow=E&country=156&partner=764&product=850980&periodFrom=2020&periodTo=2025&directMirror=D&indicator=QTY&page=1&pageSize=10&sortBy=2025&sortDir=desc&hsLevel=6","thailand\trade-map\china_exports_to_thailand_hs850980_2020-2025_qty.json","0c9991433b4298ffded72960c944587eb1338afecc9e77d8c9bd31740490c3aa","General Customs Administration of China; http://www.customs.gov.cn; since 2015"
"TM-764-target_import_imports_by_supplier-QTY","764","Thailand","ITC Trade Map beta","target_import_imports_by_supplier","QTY","850980","2020-2025","2026-09-05T20:06:32+08:00","https://www.trademap.org/api/goods/timeSeries/yearly/byPartner?tradeFlow=I&country=764&partner=000&product=850980&periodFrom=2020&periodTo=2025&directMirror=D&indicator=QTY&page=1&pageSize=500&sortBy=2025&sortDir=desc","tradeFlow=I&country=764&partner=000&product=850980&periodFrom=2020&periodTo=2025&directMirror=D&indicator=QTY&page=1&pageSize=500&sortBy=2025&sortDir=desc","thailand\trade-map\thailand_imports_from_world_hs850980_2020-2025_by_supplier_qty.json","f225ceb7349fce049c96095f888dd6c9998173c6e428430fc452099f00b9f984","The customs department of the kingdom of Thailand; http://www.customs.go.th/; since 2015"
"TM-704-china_exports_bilateral-VAL","704","Viet Nam","ITC Trade Map beta","china_exports_bilateral","VAL","850980","2020-2025","2026-09-05T20:06:32+08:00","https://www.trademap.org/api/goods/timeSeries/yearly/byProduct?tradeFlow=E&country=156&partner=704&product=850980&periodFrom=2020&periodTo=2025&directMirror=D&indicator=VAL&page=1&pageSize=10&sortBy=2025&sortDir=desc&hsLevel=6&currency=USD","tradeFlow=E&country=156&partner=704&product=850980&periodFrom=2020&periodTo=2025&directMirror=D&indicator=VAL&page=1&pageSize=10&sortBy=2025&sortDir=desc&hsLevel=6&currency=USD","vietnam\trade-map\china_exports_to_vietnam_hs850980_2020-2025_val.json","afb13c5410bb840c650527c6d610356a2204080c63c4712ba2bb0f2eb53215ca","General Customs Administration of China; http://www.customs.gov.cn; since 2015"
"TM-704-target_import_imports_by_supplier-VAL","704","Viet Nam","ITC Trade Map beta","target_import_imports_by_supplier","VAL","850980","2020-2025","2026-09-05T20:06:32+08:00","https://www.trademap.org/api/goods/timeSeries/yearly/byPartner?tradeFlow=I&country=704&partner=000&product=850980&periodFrom=2020&periodTo=2025&directMirror=D&indicator=VAL&page=1&pageSize=500&sortBy=2025&sortDir=desc&currency=USD","tradeFlow=I&country=704&partner=000&product=850980&periodFrom=2020&periodTo=2025&directMirror=D&indicator=VAL&page=1&pageSize=500&sortBy=2025&sortDir=desc&currency=USD","vietnam\trade-map\vietnam_imports_from_world_hs850980_2020-2025_by_supplier_val.json","dd6d7fc444ed31b0be4a0144202712a9024c7d4416989bb6ce51fe3e86822ce3","UN COMTRADE; http://comtrade.un.org; since 2001 | Association of Southeast Asian Nations (ASEAN); https://asean.org; since 2022"
"TM-704-china_exports_bilateral-QTY","704","Viet Nam","ITC Trade Map beta","china_exports_bilateral","QTY","850980","2020-2025","2026-09-05T20:06:32+08:00","https://www.trademap.org/api/goods/timeSeries/yearly/byProduct?tradeFlow=E&country=156&partner=704&product=850980&periodFrom=2020&periodTo=2025&directMirror=D&indicator=QTY&page=1&pageSize=10&sortBy=2025&sortDir=desc&hsLevel=6","tradeFlow=E&country=156&partner=704&product=850980&periodFrom=2020&periodTo=2025&directMirror=D&indicator=QTY&page=1&pageSize=10&sortBy=2025&sortDir=desc&hsLevel=6","vietnam\trade-map\china_exports_to_vietnam_hs850980_2020-2025_qty.json","47f1988c4e601be11abf44979b1e575d00e7df6e34cb845e549e6ccbe470e5b7","General Customs Administration of China; http://www.customs.gov.cn; since 2015"
"TM-704-target_import_imports_by_supplier-QTY","704","Viet Nam","ITC Trade Map beta","target_import_imports_by_supplier","QTY","850980","2020-2025","2026-09-05T20:06:32+08:00","https://www.trademap.org/api/goods/timeSeries/yearly/byPartner?tradeFlow=I&country=704&partner=000&product=850980&periodFrom=2020&periodTo=2025&directMirror=D&indicator=QTY&page=1&pageSize=500&sortBy=2025&sortDir=desc","tradeFlow=I&country=704&partner=000&product=850980&periodFrom=2020&periodTo=2025&directMirror=D&indicator=QTY&page=1&pageSize=500&sortBy=2025&sortDir=desc","vietnam\trade-map\vietnam_imports_from_world_hs850980_2020-2025_by_supplier_qty.json","e57212bc90dffdd11eda11a1182016721375c48cc42091b79f42bfb6cc266bf5","UN COMTRADE; http://comtrade.un.org; since 2001 | Association of Southeast Asian Nations (ASEAN); https://asean.org; since 2022"
"TM-000-china_exports_world_by_destination-VAL","000","World","ITC Trade Map beta","china_exports_world_by_destination","VAL","850980","2020-2025","2026-09-05T20:06:32+08:00","https://www.trademap.org/api/goods/timeSeries/yearly/byPartner?tradeFlow=E&country=156&partner=000&product=850980&periodFrom=2020&periodTo=2025&directMirror=D&indicator=VAL&page=1&pageSize=500&sortBy=2025&sortDir=desc&currency=USD","tradeFlow=E&country=156&partner=000&product=850980&periodFrom=2020&periodTo=2025&directMirror=D&indicator=VAL&page=1&pageSize=500&sortBy=2025&sortDir=desc&currency=USD","_shared\china_exports_to_world_hs850980_2020-2025_by_destination_val.json","67978877ecf6fe490c41b52b24ba2e35f7a0ae2fe9b64c6e936060f7c0f561b2","General Customs Administration of China; http://www.customs.gov.cn; since 2015"
"TM-000-china_exports_world_by_destination-QTY","000","World","ITC Trade Map beta","china_exports_world_by_destination","QTY","850980","2020-2025","2026-09-05T20:06:32+08:00","https://www.trademap.org/api/goods/timeSeries/yearly/byPartner?tradeFlow=E&country=156&partner=000&product=850980&periodFrom=2020&periodTo=2025&directMirror=D&indicator=QTY&page=1&pageSize=500&sortBy=2025&sortDir=desc","tradeFlow=E&country=156&partner=000&product=850980&periodFrom=2020&periodTo=2025&directMirror=D&indicator=QTY&page=1&pageSize=500&sortBy=2025&sortDir=desc","_shared\china_exports_to_world_hs850980_2020-2025_by_destination_qty.json","8ff9d63eed99e38a589e37e3b0d4ca76a88dbc755203b15bd03dc2a73c8252be","General Customs Administration of China; http://www.customs.gov.cn; since 2015"
"MACMAP-1","036","Australia","Market Access Map","destination_ntl_under_hs850980.json","tariff/NTM/NTL","850980","current at access date; see raw response year","2026-09-05T19:42:36+08:00","https://www.macmap.org/api/v2/ntlc-products?countryCode=036&level=6&code=850980","countryCode=036&level=6&code=850980","australia\market-access-map\destination_ntl_under_hs850980.json","b077224c9df849c5de20ab90a86615899bd23d86fdd83ab34935b8ba94040d5e","Destination national tariff lines returned by ITC for HS6 850980."
"MACMAP-2","036","Australia","Market Access Map","custom_duties_85098010.json","tariff/NTM/NTL","850980","current at access date; see raw response year","2026-09-05T19:42:36+08:00","https://www.macmap.org/api/results/customduties?reporter=036&partner=156&product=85098010","reporter=036&partner=156&product=85098010","australia\market-access-map\custom_duties_85098010.json","c4c8e8237ad3fd79303659227fb14124808630e7eadd6ca1d2042c1aa2ca7f21","Current applicable customs duty response; includes tariff regime, year and HS revision."
"MACMAP-3","036","Australia","Market Access Map","ntm_measures_85098010.json","tariff/NTM/NTL","850980","current at access date; see raw response year","2026-09-05T19:42:36+08:00","https://www.macmap.org/api/results/ntm-measures?reporter=036&partner=156&product=85098010","reporter=036&partner=156&product=85098010","australia\market-access-map\ntm_measures_85098010.json","4f53cda18c2baa0c0354bb5f9a3ecbe5ed12ab4d8e11ba873c2f11161202b945","NTM response; includes measure codes, counts, year, classification and source."
"MACMAP-4","036","Australia","Market Access Map","custom_duties_85098090.json","tariff/NTM/NTL","850980","current at access date; see raw response year","2026-09-05T19:42:36+08:00","https://www.macmap.org/api/results/customduties?reporter=036&partner=156&product=85098090","reporter=036&partner=156&product=85098090","australia\market-access-map\custom_duties_85098090.json","7adb9c796f41c6b03cc6c9f5f31b96346ee1e3b8f4f6723ee4cefb1bb6c3166d","Current applicable customs duty response; includes tariff regime, year and HS revision."
"MACMAP-5","036","Australia","Market Access Map","ntm_measures_85098090.json","tariff/NTM/NTL","850980","current at access date; see raw response year","2026-09-05T19:42:36+08:00","https://www.macmap.org/api/results/ntm-measures?reporter=036&partner=156&product=85098090","reporter=036&partner=156&product=85098090","australia\market-access-map\ntm_measures_85098090.json","4f53cda18c2baa0c0354bb5f9a3ecbe5ed12ab4d8e11ba873c2f11161202b945","NTM response; includes measure codes, counts, year, classification and source."
"MACMAP-6","096","Brunei Darussalam","Market Access Map","destination_ntl_under_hs850980.json","tariff/NTM/NTL","850980","current at access date; see raw response year","2026-09-05T19:42:36+08:00","https://www.macmap.org/api/v2/ntlc-products?countryCode=096&level=6&code=850980","countryCode=096&level=6&code=850980","brunei\market-access-map\destination_ntl_under_hs850980.json","9cee23c77023c627ca70c912b89edae21975d992a997e6bf6bab1756d502f8d4","Destination national tariff lines returned by ITC for HS6 850980."
"MACMAP-7","096","Brunei Darussalam","Market Access Map","custom_duties_85098010.json","tariff/NTM/NTL","850980","current at access date; see raw response year","2026-09-05T19:42:36+08:00","https://www.macmap.org/api/results/customduties?reporter=096&partner=156&product=85098010","reporter=096&partner=156&product=85098010","brunei\market-access-map\custom_duties_85098010.json","805ce6c21e89f327f756adc901d8a1f33feeec1c68666cf47c5dadea09bbded6","Current applicable customs duty response; includes tariff regime, year and HS revision."
"MACMAP-8","096","Brunei Darussalam","Market Access Map","ntm_measures_85098010.json","tariff/NTM/NTL","850980","current at access date; see raw response year","2026-09-05T19:42:36+08:00","https://www.macmap.org/api/results/ntm-measures?reporter=096&partner=156&product=85098010","reporter=096&partner=156&product=85098010","brunei\market-access-map\ntm_measures_85098010.json","4f53cda18c2baa0c0354bb5f9a3ecbe5ed12ab4d8e11ba873c2f11161202b945","NTM response; includes measure codes, counts, year, classification and source."
"MACMAP-9","096","Brunei Darussalam","Market Access Map","custom_duties_85098020.json","tariff/NTM/NTL","850980","current at access date; see raw response year","2026-09-05T19:42:36+08:00","https://www.macmap.org/api/results/customduties?reporter=096&partner=156&product=85098020","reporter=096&partner=156&product=85098020","brunei\market-access-map\custom_duties_85098020.json","1842622afaac1a78cae63a3230002ebe54f7e3c9e0c010ca879b3240a67a9f30","Current applicable customs duty response; includes tariff regime, year and HS revision."
"MACMAP-10","096","Brunei Darussalam","Market Access Map","ntm_measures_85098020.json","tariff/NTM/NTL","850980","current at access date; see raw response year","2026-09-05T19:42:36+08:00","https://www.macmap.org/api/results/ntm-measures?reporter=096&partner=156&product=85098020","reporter=096&partner=156&product=85098020","brunei\market-access-map\ntm_measures_85098020.json","4f53cda18c2baa0c0354bb5f9a3ecbe5ed12ab4d8e11ba873c2f11161202b945","NTM response; includes measure codes, counts, year, classification and source."
"MACMAP-11","096","Brunei Darussalam","Market Access Map","custom_duties_85098090.json","tariff/NTM/NTL","850980","current at access date; see raw response year","2026-09-05T19:42:36+08:00","https://www.macmap.org/api/results/customduties?reporter=096&partner=156&product=85098090","reporter=096&partner=156&product=85098090","brunei\market-access-map\custom_duties_85098090.json","a91a44375d551fff90ecbc235e6eb2d41aff2caf31ee905ff7f5378bf8701019","Current applicable customs duty response; includes tariff regime, year and HS revision."
"MACMAP-12","096","Brunei Darussalam","Market Access Map","ntm_measures_85098090.json","tariff/NTM/NTL","850980","current at access date; see raw response year","2026-09-05T19:42:36+08:00","https://www.macmap.org/api/results/ntm-measures?reporter=096&partner=156&product=85098090","reporter=096&partner=156&product=85098090","brunei\market-access-map\ntm_measures_85098090.json","4f53cda18c2baa0c0354bb5f9a3ecbe5ed12ab4d8e11ba873c2f11161202b945","NTM response; includes measure codes, counts, year, classification and source."
"MACMAP-13","116","Cambodia","Market Access Map","destination_ntl_under_hs850980.json","tariff/NTM/NTL","850980","current at access date; see raw response year","2026-09-05T19:42:36+08:00","https://www.macmap.org/api/v2/ntlc-products?countryCode=116&level=6&code=850980","countryCode=116&level=6&code=850980","cambodia\market-access-map\destination_ntl_under_hs850980.json","9cee23c77023c627ca70c912b89edae21975d992a997e6bf6bab1756d502f8d4","Destination national tariff lines returned by ITC for HS6 850980."
"MACMAP-14","116","Cambodia","Market Access Map","custom_duties_85098010.json","tariff/NTM/NTL","850980","current at access date; see raw response year","2026-09-05T19:42:36+08:00","https://www.macmap.org/api/results/customduties?reporter=116&partner=156&product=85098010","reporter=116&partner=156&product=85098010","cambodia\market-access-map\custom_duties_85098010.json","c5960502725cb203e2df38c6fe0ed0181b751b7d091094cced7be0405dbc11cc","Current applicable customs duty response; includes tariff regime, year and HS revision."
"MACMAP-15","116","Cambodia","Market Access Map","ntm_measures_85098010.json","tariff/NTM/NTL","850980","current at access date; see raw response year","2026-09-05T19:42:36+08:00","https://www.macmap.org/api/results/ntm-measures?reporter=116&partner=156&product=85098010","reporter=116&partner=156&product=85098010","cambodia\market-access-map\ntm_measures_85098010.json","b0e50848eb1a41b1e27a213ab0b9201d2c27a3b47e26e351f1faf8e8ec5ac84c","NTM response; includes measure codes, counts, year, classification and source."
"MACMAP-16","116","Cambodia","Market Access Map","custom_duties_85098020.json","tariff/NTM/NTL","850980","current at access date; see raw response year","2026-09-05T19:42:36+08:00","https://www.macmap.org/api/results/customduties?reporter=116&partner=156&product=85098020","reporter=116&partner=156&product=85098020","cambodia\market-access-map\custom_duties_85098020.json","18866eee9c1da470037edbe2a91776ef10ca3b4229ba403f3c14b657a6c847c4","Current applicable customs duty response; includes tariff regime, year and HS revision."
"MACMAP-17","116","Cambodia","Market Access Map","ntm_measures_85098020.json","tariff/NTM/NTL","850980","current at access date; see raw response year","2026-09-05T19:42:36+08:00","https://www.macmap.org/api/results/ntm-measures?reporter=116&partner=156&product=85098020","reporter=116&partner=156&product=85098020","cambodia\market-access-map\ntm_measures_85098020.json","ab3324473e78ed29c9ec87b05d61c687fe4507610df305a59c4f242d5f18cce3","NTM response; includes measure codes, counts, year, classification and source."
"MACMAP-18","116","Cambodia","Market Access Map","custom_duties_85098090.json","tariff/NTM/NTL","850980","current at access date; see raw response year","2026-09-05T19:42:36+08:00","https://www.macmap.org/api/results/customduties?reporter=116&partner=156&product=85098090","reporter=116&partner=156&product=85098090","cambodia\market-access-map\custom_duties_85098090.json","9dce952f636a0328be35ce8261581acdf4f9c3fb3d88bb438e78dd95fcdd7cdd","Current applicable customs duty response; includes tariff regime, year and HS revision."
"MACMAP-19","116","Cambodia","Market Access Map","ntm_measures_85098090.json","tariff/NTM/NTL","850980","current at access date; see raw response year","2026-09-05T19:42:36+08:00","https://www.macmap.org/api/results/ntm-measures?reporter=116&partner=156&product=85098090","reporter=116&partner=156&product=85098090","cambodia\market-access-map\ntm_measures_85098090.json","ab3324473e78ed29c9ec87b05d61c687fe4507610df305a59c4f242d5f18cce3","NTM response; includes measure codes, counts, year, classification and source."
"MACMAP-20","360","Indonesia","Market Access Map","destination_ntl_under_hs850980.json","tariff/NTM/NTL","850980","current at access date; see raw response year","2026-09-05T19:42:36+08:00","https://www.macmap.org/api/v2/ntlc-products?countryCode=360&level=6&code=850980","countryCode=360&level=6&code=850980","indonesia\market-access-map\destination_ntl_under_hs850980.json","9cee23c77023c627ca70c912b89edae21975d992a997e6bf6bab1756d502f8d4","Destination national tariff lines returned by ITC for HS6 850980."
"MACMAP-21","360","Indonesia","Market Access Map","custom_duties_85098010.json","tariff/NTM/NTL","850980","current at access date; see raw response year","2026-09-05T19:42:36+08:00","https://www.macmap.org/api/results/customduties?reporter=360&partner=156&product=85098010","reporter=360&partner=156&product=85098010","indonesia\market-access-map\custom_duties_85098010.json","3841edecd625bc88d41a988d016429ffd57dbb5245c6e9c9ba5325058d9a7d84","Current applicable customs duty response; includes tariff regime, year and HS revision."
"MACMAP-22","360","Indonesia","Market Access Map","ntm_measures_85098010.json","tariff/NTM/NTL","850980","current at access date; see raw response year","2026-09-05T19:42:36+08:00","https://www.macmap.org/api/results/ntm-measures?reporter=360&partner=156&product=85098010","reporter=360&partner=156&product=85098010","indonesia\market-access-map\ntm_measures_85098010.json","4f53cda18c2baa0c0354bb5f9a3ecbe5ed12ab4d8e11ba873c2f11161202b945","NTM response; includes measure codes, counts, year, classification and source."
"MACMAP-23","360","Indonesia","Market Access Map","custom_duties_85098020.json","tariff/NTM/NTL","850980","current at access date; see raw response year","2026-09-05T19:42:36+08:00","https://www.macmap.org/api/results/customduties?reporter=360&partner=156&product=85098020","reporter=360&partner=156&product=85098020","indonesia\market-access-map\custom_duties_85098020.json","c13dd977de3d662aa74424084d564c0c55ec5b6bcffff9f743581670913333b3","Current applicable customs duty response; includes tariff regime, year and HS revision."
"MACMAP-24","360","Indonesia","Market Access Map","ntm_measures_85098020.json","tariff/NTM/NTL","850980","current at access date; see raw response year","2026-09-05T19:42:36+08:00","https://www.macmap.org/api/results/ntm-measures?reporter=360&partner=156&product=85098020","reporter=360&partner=156&product=85098020","indonesia\market-access-map\ntm_measures_85098020.json","4f53cda18c2baa0c0354bb5f9a3ecbe5ed12ab4d8e11ba873c2f11161202b945","NTM response; includes measure codes, counts, year, classification and source."
"MACMAP-25","360","Indonesia","Market Access Map","custom_duties_85098090.json","tariff/NTM/NTL","850980","current at access date; see raw response year","2026-09-05T19:42:36+08:00","https://www.macmap.org/api/results/customduties?reporter=360&partner=156&product=85098090","reporter=360&partner=156&product=85098090","indonesia\market-access-map\custom_duties_85098090.json","da1c77b877e2613726cba3a339bb5a434327a277747c6aa030c203985154b1ac","Current applicable customs duty response; includes tariff regime, year and HS revision."
"MACMAP-26","360","Indonesia","Market Access Map","ntm_measures_85098090.json","tariff/NTM/NTL","850980","current at access date; see raw response year","2026-09-05T19:42:36+08:00","https://www.macmap.org/api/results/ntm-measures?reporter=360&partner=156&product=85098090","reporter=360&partner=156&product=85098090","indonesia\market-access-map\ntm_measures_85098090.json","4f53cda18c2baa0c0354bb5f9a3ecbe5ed12ab4d8e11ba873c2f11161202b945","NTM response; includes measure codes, counts, year, classification and source."
"MACMAP-27","392","Japan","Market Access Map","destination_ntl_under_hs850980.json","tariff/NTM/NTL","850980","current at access date; see raw response year","2026-09-05T19:42:36+08:00","https://www.macmap.org/api/v2/ntlc-products?countryCode=392&level=6&code=850980","countryCode=392&level=6&code=850980","japan\market-access-map\destination_ntl_under_hs850980.json","45375db2a077b8be841a2de682e35099ca3e056c7f8b882454b582c277044652","Destination national tariff lines returned by ITC for HS6 850980."
"MACMAP-28","392","Japan","Market Access Map","custom_duties_850980000.json","tariff/NTM/NTL","850980","current at access date; see raw response year","2026-09-05T19:42:36+08:00","https://www.macmap.org/api/results/customduties?reporter=392&partner=156&product=850980000","reporter=392&partner=156&product=850980000","japan\market-access-map\custom_duties_850980000.json","ec64f400f6ed5ff53a19f65487b4fcaf1310404ec2033db9124e7d0bb7f61b8a","Current applicable customs duty response; includes tariff regime, year and HS revision."
"MACMAP-29","392","Japan","Market Access Map","ntm_measures_850980000.json","tariff/NTM/NTL","850980","current at access date; see raw response year","2026-09-05T19:42:36+08:00","https://www.macmap.org/api/results/ntm-measures?reporter=392&partner=156&product=850980000","reporter=392&partner=156&product=850980000","japan\market-access-map\ntm_measures_850980000.json","148ca7c70a2c0c12fb4f18645fc116336ffaa2fe9c24e21f3ff040d6020ae056","NTM response; includes measure codes, counts, year, classification and source."
"MACMAP-30","410","Korea, Republic of","Market Access Map","destination_ntl_under_hs850980.json","tariff/NTM/NTL","850980","current at access date; see raw response year","2026-09-05T19:42:36+08:00","https://www.macmap.org/api/v2/ntlc-products?countryCode=410&level=6&code=850980","countryCode=410&level=6&code=850980","south-korea\market-access-map\destination_ntl_under_hs850980.json","d700ee22cf9412ad5aafeb4263ac22655be58e998b6176c1e53baebab29db45d","Destination national tariff lines returned by ITC for HS6 850980."
"MACMAP-31","410","Korea, Republic of","Market Access Map","custom_duties_8509801000.json","tariff/NTM/NTL","850980","current at access date; see raw response year","2026-09-05T19:42:36+08:00","https://www.macmap.org/api/results/customduties?reporter=410&partner=156&product=8509801000","reporter=410&partner=156&product=8509801000","south-korea\market-access-map\custom_duties_8509801000.json","e9a5889707868a4786f1ddf111ad4db86210adc0434598a2e09ff4a3d77cc9d3","Current applicable customs duty response; includes tariff regime, year and HS revision."
"MACMAP-32","410","Korea, Republic of","Market Access Map","ntm_measures_8509801000.json","tariff/NTM/NTL","850980","current at access date; see raw response year","2026-09-05T19:42:36+08:00","https://www.macmap.org/api/results/ntm-measures?reporter=410&partner=156&product=8509801000","reporter=410&partner=156&product=8509801000","south-korea\market-access-map\ntm_measures_8509801000.json","33966ad13856820ba236805d428b2776528c0272e9252822a9a759367b70c2f8","NTM response; includes measure codes, counts, year, classification and source."
"MACMAP-33","410","Korea, Republic of","Market Access Map","custom_duties_8509802000.json","tariff/NTM/NTL","850980","current at access date; see raw response year","2026-09-05T19:42:36+08:00","https://www.macmap.org/api/results/customduties?reporter=410&partner=156&product=8509802000","reporter=410&partner=156&product=8509802000","south-korea\market-access-map\custom_duties_8509802000.json","f7788d9f73fe703c72210ff6f4d89219e97284bb23a917842e9a8b1c7e673414","Current applicable customs duty response; includes tariff regime, year and HS revision."
"MACMAP-34","410","Korea, Republic of","Market Access Map","ntm_measures_8509802000.json","tariff/NTM/NTL","850980","current at access date; see raw response year","2026-09-05T19:42:36+08:00","https://www.macmap.org/api/results/ntm-measures?reporter=410&partner=156&product=8509802000","reporter=410&partner=156&product=8509802000","south-korea\market-access-map\ntm_measures_8509802000.json","2a263de0fad350b45c2d9fe732c52e7cbf0b3a7e9ab2f591c3a9d32b99453dff","NTM response; includes measure codes, counts, year, classification and source."
"MACMAP-35","410","Korea, Republic of","Market Access Map","custom_duties_8509803000.json","tariff/NTM/NTL","850980","current at access date; see raw response year","2026-09-05T19:42:36+08:00","https://www.macmap.org/api/results/customduties?reporter=410&partner=156&product=8509803000","reporter=410&partner=156&product=8509803000","south-korea\market-access-map\custom_duties_8509803000.json","50a693f5bd0b912b3ed43453671fdda5467b0a8b6d45f4ad14e7c1477591fada","Current applicable customs duty response; includes tariff regime, year and HS revision."
"MACMAP-36","410","Korea, Republic of","Market Access Map","ntm_measures_8509803000.json","tariff/NTM/NTL","850980","current at access date; see raw response year","2026-09-05T19:42:36+08:00","https://www.macmap.org/api/results/ntm-measures?reporter=410&partner=156&product=8509803000","reporter=410&partner=156&product=8509803000","south-korea\market-access-map\ntm_measures_8509803000.json","a488734e48871ce3afb66c58589a08b9540385072706bd69dc281ec7243f3bf1","NTM response; includes measure codes, counts, year, classification and source."
"MACMAP-37","410","Korea, Republic of","Market Access Map","custom_duties_8509804000.json","tariff/NTM/NTL","850980","current at access date; see raw response year","2026-09-05T19:42:36+08:00","https://www.macmap.org/api/results/customduties?reporter=410&partner=156&product=8509804000","reporter=410&partner=156&product=8509804000","south-korea\market-access-map\custom_duties_8509804000.json","a7b21f7714baae5baff23797e0208dbfddc3786b4d48794bde33daf69f57372a","Current applicable customs duty response; includes tariff regime, year and HS revision."
"MACMAP-38","410","Korea, Republic of","Market Access Map","ntm_measures_8509804000.json","tariff/NTM/NTL","850980","current at access date; see raw response year","2026-09-05T19:42:36+08:00","https://www.macmap.org/api/results/ntm-measures?reporter=410&partner=156&product=8509804000","reporter=410&partner=156&product=8509804000","south-korea\market-access-map\ntm_measures_8509804000.json","c5ecba772795b4bd7523d1c63d8e4540ae775f06e8c7c69a2dab72ac938025b1","NTM response; includes measure codes, counts, year, classification and source."
"MACMAP-39","410","Korea, Republic of","Market Access Map","custom_duties_8509809000.json","tariff/NTM/NTL","850980","current at access date; see raw response year","2026-09-05T19:42:36+08:00","https://www.macmap.org/api/results/customduties?reporter=410&partner=156&product=8509809000","reporter=410&partner=156&product=8509809000","south-korea\market-access-map\custom_duties_8509809000.json","8c8c086c9ec7cec36b5c0262e6cf44a265dbe6172b1c29005bcc13d7e1dae3ff","Current applicable customs duty response; includes tariff regime, year and HS revision."
"MACMAP-40","410","Korea, Republic of","Market Access Map","ntm_measures_8509809000.json","tariff/NTM/NTL","850980","current at access date; see raw response year","2026-09-05T19:42:36+08:00","https://www.macmap.org/api/results/ntm-measures?reporter=410&partner=156&product=8509809000","reporter=410&partner=156&product=8509809000","south-korea\market-access-map\ntm_measures_8509809000.json","4a14e99e912e1ce0b18007a544e6df1501429b7ec41e7c7d86fddd6d3a3edab0","NTM response; includes measure codes, counts, year, classification and source."
"MACMAP-41","418","Lao People's Democratic Republic","Market Access Map","destination_ntl_under_hs850980.json","tariff/NTM/NTL","850980","current at access date; see raw response year","2026-09-05T19:42:36+08:00","https://www.macmap.org/api/v2/ntlc-products?countryCode=418&level=6&code=850980","countryCode=418&level=6&code=850980","laos\market-access-map\destination_ntl_under_hs850980.json","20187e054fbe605a0a0c43bd56ceb3d4f0586ebca63d5acdbcd5f3e947f874a2","Destination national tariff lines returned by ITC for HS6 850980."
"MACMAP-42","418","Lao People's Democratic Republic","Market Access Map","custom_duties_8509801000.json","tariff/NTM/NTL","850980","current at access date; see raw response year","2026-09-05T19:42:36+08:00","https://www.macmap.org/api/results/customduties?reporter=418&partner=156&product=8509801000","reporter=418&partner=156&product=8509801000","laos\market-access-map\custom_duties_8509801000.json","ad410736ca168f39cba14e59d12434d5d236d972a86787cf12408f5746a4f1f8","Current applicable customs duty response; includes tariff regime, year and HS revision."
"MACMAP-43","418","Lao People's Democratic Republic","Market Access Map","ntm_measures_8509801000.json","tariff/NTM/NTL","850980","current at access date; see raw response year","2026-09-05T19:42:36+08:00","https://www.macmap.org/api/results/ntm-measures?reporter=418&partner=156&product=8509801000","reporter=418&partner=156&product=8509801000","laos\market-access-map\ntm_measures_8509801000.json","4f53cda18c2baa0c0354bb5f9a3ecbe5ed12ab4d8e11ba873c2f11161202b945","NTM response; includes measure codes, counts, year, classification and source."
"MACMAP-44","418","Lao People's Democratic Republic","Market Access Map","custom_duties_8509802000.json","tariff/NTM/NTL","850980","current at access date; see raw response year","2026-09-05T19:42:36+08:00","https://www.macmap.org/api/results/customduties?reporter=418&partner=156&product=8509802000","reporter=418&partner=156&product=8509802000","laos\market-access-map\custom_duties_8509802000.json","b0cd7b4dab56716aa178b2077091e0eae84939ba5e22828536846e6416e42a5d","Current applicable customs duty response; includes tariff regime, year and HS revision."
"MACMAP-45","418","Lao People's Democratic Republic","Market Access Map","ntm_measures_8509802000.json","tariff/NTM/NTL","850980","current at access date; see raw response year","2026-09-05T19:42:36+08:00","https://www.macmap.org/api/results/ntm-measures?reporter=418&partner=156&product=8509802000","reporter=418&partner=156&product=8509802000","laos\market-access-map\ntm_measures_8509802000.json","4f53cda18c2baa0c0354bb5f9a3ecbe5ed12ab4d8e11ba873c2f11161202b945","NTM response; includes measure codes, counts, year, classification and source."
"MACMAP-46","418","Lao People's Democratic Republic","Market Access Map","custom_duties_8509809000.json","tariff/NTM/NTL","850980","current at access date; see raw response year","2026-09-05T19:42:36+08:00","https://www.macmap.org/api/results/customduties?reporter=418&partner=156&product=8509809000","reporter=418&partner=156&product=8509809000","laos\market-access-map\custom_duties_8509809000.json","8a14e5731e9b7e95fa6ab76427e561a0343b73d2bdd5fff7bcfa83280034881c","Current applicable customs duty response; includes tariff regime, year and HS revision."
"MACMAP-47","418","Lao People's Democratic Republic","Market Access Map","ntm_measures_8509809000.json","tariff/NTM/NTL","850980","current at access date; see raw response year","2026-09-05T19:42:36+08:00","https://www.macmap.org/api/results/ntm-measures?reporter=418&partner=156&product=8509809000","reporter=418&partner=156&product=8509809000","laos\market-access-map\ntm_measures_8509809000.json","4f53cda18c2baa0c0354bb5f9a3ecbe5ed12ab4d8e11ba873c2f11161202b945","NTM response; includes measure codes, counts, year, classification and source."
"MACMAP-48","458","Malaysia","Market Access Map","destination_ntl_under_hs850980.json","tariff/NTM/NTL","850980","current at access date; see raw response year","2026-09-05T19:42:36+08:00","https://www.macmap.org/api/v2/ntlc-products?countryCode=458&level=6&code=850980","countryCode=458&level=6&code=850980","malaysia\market-access-map\destination_ntl_under_hs850980.json","20187e054fbe605a0a0c43bd56ceb3d4f0586ebca63d5acdbcd5f3e947f874a2","Destination national tariff lines returned by ITC for HS6 850980."
"MACMAP-49","458","Malaysia","Market Access Map","custom_duties_8509801000.json","tariff/NTM/NTL","850980","current at access date; see raw response year","2026-09-05T19:42:36+08:00","https://www.macmap.org/api/results/customduties?reporter=458&partner=156&product=8509801000","reporter=458&partner=156&product=8509801000","malaysia\market-access-map\custom_duties_8509801000.json","a107e852ba815ebbadb47157dd07264f65f2a218bb66158e71c7ac2d7ee7e7d9","Current applicable customs duty response; includes tariff regime, year and HS revision."
"MACMAP-50","458","Malaysia","Market Access Map","ntm_measures_8509801000.json","tariff/NTM/NTL","850980","current at access date; see raw response year","2026-09-05T19:42:36+08:00","https://www.macmap.org/api/results/ntm-measures?reporter=458&partner=156&product=8509801000","reporter=458&partner=156&product=8509801000","malaysia\market-access-map\ntm_measures_8509801000.json","2bdfe375f100b23dc5ad2eabb06c438fbaa83419e2792b368aa91d5ac6cd6821","NTM response; includes measure codes, counts, year, classification and source."
"MACMAP-51","458","Malaysia","Market Access Map","custom_duties_8509802000.json","tariff/NTM/NTL","850980","current at access date; see raw response year","2026-09-05T19:42:36+08:00","https://www.macmap.org/api/results/customduties?reporter=458&partner=156&product=8509802000","reporter=458&partner=156&product=8509802000","malaysia\market-access-map\custom_duties_8509802000.json","bb4e0a843a7180ff0d6fa81ba40efbd072cc5a6045f087539fca603781b7fc7c","Current applicable customs duty response; includes tariff regime, year and HS revision."
"MACMAP-52","458","Malaysia","Market Access Map","ntm_measures_8509802000.json","tariff/NTM/NTL","850980","current at access date; see raw response year","2026-09-05T19:42:36+08:00","https://www.macmap.org/api/results/ntm-measures?reporter=458&partner=156&product=8509802000","reporter=458&partner=156&product=8509802000","malaysia\market-access-map\ntm_measures_8509802000.json","2bdfe375f100b23dc5ad2eabb06c438fbaa83419e2792b368aa91d5ac6cd6821","NTM response; includes measure codes, counts, year, classification and source."
"MACMAP-53","458","Malaysia","Market Access Map","custom_duties_8509809000.json","tariff/NTM/NTL","850980","current at access date; see raw response year","2026-09-05T19:42:36+08:00","https://www.macmap.org/api/results/customduties?reporter=458&partner=156&product=8509809000","reporter=458&partner=156&product=8509809000","malaysia\market-access-map\custom_duties_8509809000.json","1b14b1bf8c8ab8b7ee0fdf0ddec4bf60ab10594d8c7e7991db414377e7137252","Current applicable customs duty response; includes tariff regime, year and HS revision."
"MACMAP-54","458","Malaysia","Market Access Map","ntm_measures_8509809000.json","tariff/NTM/NTL","850980","current at access date; see raw response year","2026-09-05T19:42:36+08:00","https://www.macmap.org/api/results/ntm-measures?reporter=458&partner=156&product=8509809000","reporter=458&partner=156&product=8509809000","malaysia\market-access-map\ntm_measures_8509809000.json","2bdfe375f100b23dc5ad2eabb06c438fbaa83419e2792b368aa91d5ac6cd6821","NTM response; includes measure codes, counts, year, classification and source."
"MACMAP-55","104","Myanmar","Market Access Map","destination_ntl_under_hs850980.json","tariff/NTM/NTL","850980","current at access date; see raw response year","2026-09-05T19:42:36+08:00","https://www.macmap.org/api/v2/ntlc-products?countryCode=104&level=6&code=850980","countryCode=104&level=6&code=850980","myanmar\market-access-map\destination_ntl_under_hs850980.json","20187e054fbe605a0a0c43bd56ceb3d4f0586ebca63d5acdbcd5f3e947f874a2","Destination national tariff lines returned by ITC for HS6 850980."
"MACMAP-56","104","Myanmar","Market Access Map","custom_duties_8509801000.json","tariff/NTM/NTL","850980","current at access date; see raw response year","2026-09-05T19:42:36+08:00","https://www.macmap.org/api/results/customduties?reporter=104&partner=156&product=8509801000","reporter=104&partner=156&product=8509801000","myanmar\market-access-map\custom_duties_8509801000.json","7a37f50d15b2912a75fee4333f2fb05bdaac3bfd4f14fc58b0d80555436e7f65","Current applicable customs duty response; includes tariff regime, year and HS revision."
"MACMAP-57","104","Myanmar","Market Access Map","ntm_measures_8509801000.json","tariff/NTM/NTL","850980","current at access date; see raw response year","2026-09-05T19:42:36+08:00","https://www.macmap.org/api/results/ntm-measures?reporter=104&partner=156&product=8509801000","reporter=104&partner=156&product=8509801000","myanmar\market-access-map\ntm_measures_8509801000.json","4f53cda18c2baa0c0354bb5f9a3ecbe5ed12ab4d8e11ba873c2f11161202b945","NTM response; includes measure codes, counts, year, classification and source."
"MACMAP-58","104","Myanmar","Market Access Map","custom_duties_8509802000.json","tariff/NTM/NTL","850980","current at access date; see raw response year","2026-09-05T19:42:36+08:00","https://www.macmap.org/api/results/customduties?reporter=104&partner=156&product=8509802000","reporter=104&partner=156&product=8509802000","myanmar\market-access-map\custom_duties_8509802000.json","6750390069902f63429280b591989c5563c82c9cf72eac12f07d9a1631a1cb1f","Current applicable customs duty response; includes tariff regime, year and HS revision."
"MACMAP-59","104","Myanmar","Market Access Map","ntm_measures_8509802000.json","tariff/NTM/NTL","850980","current at access date; see raw response year","2026-09-05T19:42:36+08:00","https://www.macmap.org/api/results/ntm-measures?reporter=104&partner=156&product=8509802000","reporter=104&partner=156&product=8509802000","myanmar\market-access-map\ntm_measures_8509802000.json","4f53cda18c2baa0c0354bb5f9a3ecbe5ed12ab4d8e11ba873c2f11161202b945","NTM response; includes measure codes, counts, year, classification and source."
"MACMAP-60","104","Myanmar","Market Access Map","custom_duties_8509809000.json","tariff/NTM/NTL","850980","current at access date; see raw response year","2026-09-05T19:42:36+08:00","https://www.macmap.org/api/results/customduties?reporter=104&partner=156&product=8509809000","reporter=104&partner=156&product=8509809000","myanmar\market-access-map\custom_duties_8509809000.json","a0951ca384753e4d6cb99449462493c9f2ea5dc2a0478659dcaaf1d43bd85ea6","Current applicable customs duty response; includes tariff regime, year and HS revision."
"MACMAP-61","104","Myanmar","Market Access Map","ntm_measures_8509809000.json","tariff/NTM/NTL","850980","current at access date; see raw response year","2026-09-05T19:42:36+08:00","https://www.macmap.org/api/results/ntm-measures?reporter=104&partner=156&product=8509809000","reporter=104&partner=156&product=8509809000","myanmar\market-access-map\ntm_measures_8509809000.json","4f53cda18c2baa0c0354bb5f9a3ecbe5ed12ab4d8e11ba873c2f11161202b945","NTM response; includes measure codes, counts, year, classification and source."
"MACMAP-62","554","New Zealand","Market Access Map","destination_ntl_under_hs850980.json","tariff/NTM/NTL","850980","current at access date; see raw response year","2026-09-05T19:42:36+08:00","https://www.macmap.org/api/v2/ntlc-products?countryCode=554&level=6&code=850980","countryCode=554&level=6&code=850980","new-zealand\market-access-map\destination_ntl_under_hs850980.json","ac51441da6efdc35f12de0fff29bd2aa8162f71e2b9099b0fd73efc915b3785e","Destination national tariff lines returned by ITC for HS6 850980."
"MACMAP-63","554","New Zealand","Market Access Map","custom_duties_85098001.json","tariff/NTM/NTL","850980","current at access date; see raw response year","2026-09-05T19:42:36+08:00","https://www.macmap.org/api/results/customduties?reporter=554&partner=156&product=85098001","reporter=554&partner=156&product=85098001","new-zealand\market-access-map\custom_duties_85098001.json","9eb4af966ba8d0fdfe0c7215e0f4725053906f8512d3cf61f8f959d478009697","Current applicable customs duty response; includes tariff regime, year and HS revision."
"MACMAP-64","554","New Zealand","Market Access Map","ntm_measures_85098001.json","tariff/NTM/NTL","850980","current at access date; see raw response year","2026-09-05T19:42:36+08:00","https://www.macmap.org/api/results/ntm-measures?reporter=554&partner=156&product=85098001","reporter=554&partner=156&product=85098001","new-zealand\market-access-map\ntm_measures_85098001.json","44f4bb36ff40b99d6daab9403375188bfd3e54b7427dc294dde272924cb76f62","NTM response; includes measure codes, counts, year, classification and source."
"MACMAP-65","554","New Zealand","Market Access Map","custom_duties_85098009.json","tariff/NTM/NTL","850980","current at access date; see raw response year","2026-09-05T19:42:36+08:00","https://www.macmap.org/api/results/customduties?reporter=554&partner=156&product=85098009","reporter=554&partner=156&product=85098009","new-zealand\market-access-map\custom_duties_85098009.json","03687160287acddf460df9a495de5481b462272d6614af9941282f03819ec05e","Current applicable customs duty response; includes tariff regime, year and HS revision."
"MACMAP-66","554","New Zealand","Market Access Map","ntm_measures_85098009.json","tariff/NTM/NTL","850980","current at access date; see raw response year","2026-09-05T19:42:36+08:00","https://www.macmap.org/api/results/ntm-measures?reporter=554&partner=156&product=85098009","reporter=554&partner=156&product=85098009","new-zealand\market-access-map\ntm_measures_85098009.json","44f4bb36ff40b99d6daab9403375188bfd3e54b7427dc294dde272924cb76f62","NTM response; includes measure codes, counts, year, classification and source."
"MACMAP-67","554","New Zealand","Market Access Map","custom_duties_85098019.json","tariff/NTM/NTL","850980","current at access date; see raw response year","2026-09-05T19:42:36+08:00","https://www.macmap.org/api/results/customduties?reporter=554&partner=156&product=85098019","reporter=554&partner=156&product=85098019","new-zealand\market-access-map\custom_duties_85098019.json","3f5cfe84609b38da5163acade932a26080338039e45149f6229747ae87ba0500","Current applicable customs duty response; includes tariff regime, year and HS revision."
"MACMAP-68","554","New Zealand","Market Access Map","ntm_measures_85098019.json","tariff/NTM/NTL","850980","current at access date; see raw response year","2026-09-05T19:42:36+08:00","https://www.macmap.org/api/results/ntm-measures?reporter=554&partner=156&product=85098019","reporter=554&partner=156&product=85098019","new-zealand\market-access-map\ntm_measures_85098019.json","44f4bb36ff40b99d6daab9403375188bfd3e54b7427dc294dde272924cb76f62","NTM response; includes measure codes, counts, year, classification and source."
"MACMAP-69","554","New Zealand","Market Access Map","custom_duties_85098029.json","tariff/NTM/NTL","850980","current at access date; see raw response year","2026-09-05T19:42:36+08:00","https://www.macmap.org/api/results/customduties?reporter=554&partner=156&product=85098029","reporter=554&partner=156&product=85098029","new-zealand\market-access-map\custom_duties_85098029.json","1c918ee32320c4983d17a4fe113d98c4907cbd753df2deb5c1e279332e8897f1","Current applicable customs duty response; includes tariff regime, year and HS revision."
"MACMAP-70","554","New Zealand","Market Access Map","ntm_measures_85098029.json","tariff/NTM/NTL","850980","current at access date; see raw response year","2026-09-05T19:42:36+08:00","https://www.macmap.org/api/results/ntm-measures?reporter=554&partner=156&product=85098029","reporter=554&partner=156&product=85098029","new-zealand\market-access-map\ntm_measures_85098029.json","44f4bb36ff40b99d6daab9403375188bfd3e54b7427dc294dde272924cb76f62","NTM response; includes measure codes, counts, year, classification and source."
"MACMAP-71","608","Philippines","Market Access Map","destination_ntl_under_hs850980.json","tariff/NTM/NTL","850980","current at access date; see raw response year","2026-09-05T19:42:36+08:00","https://www.macmap.org/api/v2/ntlc-products?countryCode=608&level=6&code=850980","countryCode=608&level=6&code=850980","philippines\market-access-map\destination_ntl_under_hs850980.json","9cee23c77023c627ca70c912b89edae21975d992a997e6bf6bab1756d502f8d4","Destination national tariff lines returned by ITC for HS6 850980."
"MACMAP-72","608","Philippines","Market Access Map","custom_duties_85098010.json","tariff/NTM/NTL","850980","current at access date; see raw response year","2026-09-05T19:42:36+08:00","https://www.macmap.org/api/results/customduties?reporter=608&partner=156&product=85098010","reporter=608&partner=156&product=85098010","philippines\market-access-map\custom_duties_85098010.json","955ecdc6ad5e573546ed6577de9796d7961792d70f64815efe55d1d8d0cf36ff","Current applicable customs duty response; includes tariff regime, year and HS revision."
"MACMAP-73","608","Philippines","Market Access Map","ntm_measures_85098010.json","tariff/NTM/NTL","850980","current at access date; see raw response year","2026-09-05T19:42:36+08:00","https://www.macmap.org/api/results/ntm-measures?reporter=608&partner=156&product=85098010","reporter=608&partner=156&product=85098010","philippines\market-access-map\ntm_measures_85098010.json","4237040b0fe33ae412d3755c75866b2042dc13a3a111ed61c8fa8b1ab83c9759","NTM response; includes measure codes, counts, year, classification and source."
"MACMAP-74","608","Philippines","Market Access Map","custom_duties_85098020.json","tariff/NTM/NTL","850980","current at access date; see raw response year","2026-09-05T19:42:36+08:00","https://www.macmap.org/api/results/customduties?reporter=608&partner=156&product=85098020","reporter=608&partner=156&product=85098020","philippines\market-access-map\custom_duties_85098020.json","e98a442ac3c56ef56b90c26974de6eac43fd9dcac6f6546bb1470f43728fabcd","Current applicable customs duty response; includes tariff regime, year and HS revision."
"MACMAP-75","608","Philippines","Market Access Map","ntm_measures_85098020.json","tariff/NTM/NTL","850980","current at access date; see raw response year","2026-09-05T19:42:36+08:00","https://www.macmap.org/api/results/ntm-measures?reporter=608&partner=156&product=85098020","reporter=608&partner=156&product=85098020","philippines\market-access-map\ntm_measures_85098020.json","4237040b0fe33ae412d3755c75866b2042dc13a3a111ed61c8fa8b1ab83c9759","NTM response; includes measure codes, counts, year, classification and source."
"MACMAP-76","608","Philippines","Market Access Map","custom_duties_85098090.json","tariff/NTM/NTL","850980","current at access date; see raw response year","2026-09-05T19:42:36+08:00","https://www.macmap.org/api/results/customduties?reporter=608&partner=156&product=85098090","reporter=608&partner=156&product=85098090","philippines\market-access-map\custom_duties_85098090.json","1796e621dbd943e53af180b121d6520125fde4bbbefbfed5fba24c96d5278b29","Current applicable customs duty response; includes tariff regime, year and HS revision."
"MACMAP-77","608","Philippines","Market Access Map","ntm_measures_85098090.json","tariff/NTM/NTL","850980","current at access date; see raw response year","2026-09-05T19:42:36+08:00","https://www.macmap.org/api/results/ntm-measures?reporter=608&partner=156&product=85098090","reporter=608&partner=156&product=85098090","philippines\market-access-map\ntm_measures_85098090.json","4237040b0fe33ae412d3755c75866b2042dc13a3a111ed61c8fa8b1ab83c9759","NTM response; includes measure codes, counts, year, classification and source."
"MACMAP-78","702","Singapore","Market Access Map","destination_ntl_under_hs850980.json","tariff/NTM/NTL","850980","current at access date; see raw response year","2026-09-05T19:42:36+08:00","https://www.macmap.org/api/v2/ntlc-products?countryCode=702&level=6&code=850980","countryCode=702&level=6&code=850980","singapore\market-access-map\destination_ntl_under_hs850980.json","9cee23c77023c627ca70c912b89edae21975d992a997e6bf6bab1756d502f8d4","Destination national tariff lines returned by ITC for HS6 850980."
"MACMAP-79","702","Singapore","Market Access Map","custom_duties_85098010.json","tariff/NTM/NTL","850980","current at access date; see raw response year","2026-09-05T19:42:36+08:00","https://www.macmap.org/api/results/customduties?reporter=702&partner=156&product=85098010","reporter=702&partner=156&product=85098010","singapore\market-access-map\custom_duties_85098010.json","aa340af89d422affac67a6d17bb78489358e51577cbed3b1a3ed797dfb6f85ed","Current applicable customs duty response; includes tariff regime, year and HS revision."
"MACMAP-80","702","Singapore","Market Access Map","ntm_measures_85098010.json","tariff/NTM/NTL","850980","current at access date; see raw response year","2026-09-05T19:42:36+08:00","https://www.macmap.org/api/results/ntm-measures?reporter=702&partner=156&product=85098010","reporter=702&partner=156&product=85098010","singapore\market-access-map\ntm_measures_85098010.json","9a386acc65ae30a281abcb8cae2dc7e87011fc4fe3dbfde8f843e88ea3216504","NTM response; includes measure codes, counts, year, classification and source."
"MACMAP-81","702","Singapore","Market Access Map","custom_duties_85098020.json","tariff/NTM/NTL","850980","current at access date; see raw response year","2026-09-05T19:42:36+08:00","https://www.macmap.org/api/results/customduties?reporter=702&partner=156&product=85098020","reporter=702&partner=156&product=85098020","singapore\market-access-map\custom_duties_85098020.json","5c27ce4dda70344b2aa5879c6ef3d6422757fe45e61ca68e25f07ef42776a2fa","Current applicable customs duty response; includes tariff regime, year and HS revision."
"MACMAP-82","702","Singapore","Market Access Map","ntm_measures_85098020.json","tariff/NTM/NTL","850980","current at access date; see raw response year","2026-09-05T19:42:36+08:00","https://www.macmap.org/api/results/ntm-measures?reporter=702&partner=156&product=85098020","reporter=702&partner=156&product=85098020","singapore\market-access-map\ntm_measures_85098020.json","9a386acc65ae30a281abcb8cae2dc7e87011fc4fe3dbfde8f843e88ea3216504","NTM response; includes measure codes, counts, year, classification and source."
"MACMAP-83","702","Singapore","Market Access Map","custom_duties_85098090.json","tariff/NTM/NTL","850980","current at access date; see raw response year","2026-09-05T19:42:36+08:00","https://www.macmap.org/api/results/customduties?reporter=702&partner=156&product=85098090","reporter=702&partner=156&product=85098090","singapore\market-access-map\custom_duties_85098090.json","288e8a59a086a08840322a6baf498d640aa92f5ea906217398e13fa1fabafc18","Current applicable customs duty response; includes tariff regime, year and HS revision."
"MACMAP-84","702","Singapore","Market Access Map","ntm_measures_85098090.json","tariff/NTM/NTL","850980","current at access date; see raw response year","2026-09-05T19:42:36+08:00","https://www.macmap.org/api/results/ntm-measures?reporter=702&partner=156&product=85098090","reporter=702&partner=156&product=85098090","singapore\market-access-map\ntm_measures_85098090.json","9a386acc65ae30a281abcb8cae2dc7e87011fc4fe3dbfde8f843e88ea3216504","NTM response; includes measure codes, counts, year, classification and source."
"MACMAP-85","764","Thailand","Market Access Map","destination_ntl_under_hs850980.json","tariff/NTM/NTL","850980","current at access date; see raw response year","2026-09-05T19:42:36+08:00","https://www.macmap.org/api/v2/ntlc-products?countryCode=764&level=6&code=850980","countryCode=764&level=6&code=850980","thailand\market-access-map\destination_ntl_under_hs850980.json","36b2c946f7169f2ccd6a69209342a230ad2fe569bd6c05fb3566c46b1ce2d146","Destination national tariff lines returned by ITC for HS6 850980."
"MACMAP-86","764","Thailand","Market Access Map","custom_duties_85098090.json","tariff/NTM/NTL","850980","current at access date; see raw response year","2026-09-05T19:42:36+08:00","https://www.macmap.org/api/results/customduties?reporter=764&partner=156&product=85098090","reporter=764&partner=156&product=85098090","thailand\market-access-map\custom_duties_85098090.json","40a1787586a24068ee56044439e8630d8ddce16a6133bbcb25aa375a0b61acee","Current applicable customs duty response; includes tariff regime, year and HS revision."
"MACMAP-87","764","Thailand","Market Access Map","ntm_measures_85098090.json","tariff/NTM/NTL","850980","current at access date; see raw response year","2026-09-05T19:42:36+08:00","https://www.macmap.org/api/results/ntm-measures?reporter=764&partner=156&product=85098090","reporter=764&partner=156&product=85098090","thailand\market-access-map\ntm_measures_85098090.json","68ae4077931d76df7760eb1acbdea23517bbc40ca7550902f6a94e5717b9b925","NTM response; includes measure codes, counts, year, classification and source."
"MACMAP-88","764","Thailand","Market Access Map","custom_duties_85098020.json","tariff/NTM/NTL","850980","current at access date; see raw response year","2026-09-05T19:42:36+08:00","https://www.macmap.org/api/results/customduties?reporter=764&partner=156&product=85098020","reporter=764&partner=156&product=85098020","thailand\market-access-map\custom_duties_85098020.json","ca6930c1120997741a08b573c3a83d750832bd56063a890aa5a643ea3e31794e","Current applicable customs duty response; includes tariff regime, year and HS revision."
"MACMAP-89","764","Thailand","Market Access Map","ntm_measures_85098020.json","tariff/NTM/NTL","850980","current at access date; see raw response year","2026-09-05T19:42:36+08:00","https://www.macmap.org/api/results/ntm-measures?reporter=764&partner=156&product=85098020","reporter=764&partner=156&product=85098020","thailand\market-access-map\ntm_measures_85098020.json","68ae4077931d76df7760eb1acbdea23517bbc40ca7550902f6a94e5717b9b925","NTM response; includes measure codes, counts, year, classification and source."
"MACMAP-90","764","Thailand","Market Access Map","custom_duties_85098010.json","tariff/NTM/NTL","850980","current at access date; see raw response year","2026-09-05T19:42:36+08:00","https://www.macmap.org/api/results/customduties?reporter=764&partner=156&product=85098010","reporter=764&partner=156&product=85098010","thailand\market-access-map\custom_duties_85098010.json","3d524bed2cd706b0a24930e00466873c91eb371b3e61132778fa785b5201da94","Current applicable customs duty response; includes tariff regime, year and HS revision."
"MACMAP-91","764","Thailand","Market Access Map","ntm_measures_85098010.json","tariff/NTM/NTL","850980","current at access date; see raw response year","2026-09-05T19:42:36+08:00","https://www.macmap.org/api/results/ntm-measures?reporter=764&partner=156&product=85098010","reporter=764&partner=156&product=85098010","thailand\market-access-map\ntm_measures_85098010.json","68ae4077931d76df7760eb1acbdea23517bbc40ca7550902f6a94e5717b9b925","NTM response; includes measure codes, counts, year, classification and source."
"MACMAP-92","704","Viet Nam","Market Access Map","destination_ntl_under_hs850980.json","tariff/NTM/NTL","850980","current at access date; see raw response year","2026-09-05T19:42:36+08:00","https://www.macmap.org/api/v2/ntlc-products?countryCode=704&level=6&code=850980","countryCode=704&level=6&code=850980","vietnam\market-access-map\destination_ntl_under_hs850980.json","20187e054fbe605a0a0c43bd56ceb3d4f0586ebca63d5acdbcd5f3e947f874a2","Destination national tariff lines returned by ITC for HS6 850980."
"MACMAP-93","704","Viet Nam","Market Access Map","custom_duties_8509801000.json","tariff/NTM/NTL","850980","current at access date; see raw response year","2026-09-05T19:42:36+08:00","https://www.macmap.org/api/results/customduties?reporter=704&partner=156&product=8509801000","reporter=704&partner=156&product=8509801000","vietnam\market-access-map\custom_duties_8509801000.json","bfcb75617a77bf0511708f407f0aa1a158568f240a34604854af77ef17fba778","Current applicable customs duty response; includes tariff regime, year and HS revision."
"MACMAP-94","704","Viet Nam","Market Access Map","ntm_measures_8509801000.json","tariff/NTM/NTL","850980","current at access date; see raw response year","2026-09-05T19:42:36+08:00","https://www.macmap.org/api/results/ntm-measures?reporter=704&partner=156&product=8509801000","reporter=704&partner=156&product=8509801000","vietnam\market-access-map\ntm_measures_8509801000.json","81bf41958c0bb9f3f904a4d940678e1a9b4c6caae79be3159045067b0f35d624","NTM response; includes measure codes, counts, year, classification and source."
"MACMAP-95","704","Viet Nam","Market Access Map","custom_duties_8509802000.json","tariff/NTM/NTL","850980","current at access date; see raw response year","2026-09-05T19:42:36+08:00","https://www.macmap.org/api/results/customduties?reporter=704&partner=156&product=8509802000","reporter=704&partner=156&product=8509802000","vietnam\market-access-map\custom_duties_8509802000.json","826d50f3c82ea004a8ce4aa0a1cc63acbc03d38e199bd90190dc6fc87f10ba22","Current applicable customs duty response; includes tariff regime, year and HS revision."
"MACMAP-96","704","Viet Nam","Market Access Map","ntm_measures_8509802000.json","tariff/NTM/NTL","850980","current at access date; see raw response year","2026-09-05T19:42:36+08:00","https://www.macmap.org/api/results/ntm-measures?reporter=704&partner=156&product=8509802000","reporter=704&partner=156&product=8509802000","vietnam\market-access-map\ntm_measures_8509802000.json","81bf41958c0bb9f3f904a4d940678e1a9b4c6caae79be3159045067b0f35d624","NTM response; includes measure codes, counts, year, classification and source."
"MACMAP-97","704","Viet Nam","Market Access Map","custom_duties_8509809000.json","tariff/NTM/NTL","850980","current at access date; see raw response year","2026-09-05T19:42:36+08:00","https://www.macmap.org/api/results/customduties?reporter=704&partner=156&product=8509809000","reporter=704&partner=156&product=8509809000","vietnam\market-access-map\custom_duties_8509809000.json","ea48f2cb26a54fa468f731f8315692293dc6588c30aabb5b3451fc8e8b22cd69","Current applicable customs duty response; includes tariff regime, year and HS revision."
"MACMAP-98","704","Viet Nam","Market Access Map","ntm_measures_8509809000.json","tariff/NTM/NTL","850980","current at access date; see raw response year","2026-09-05T19:42:36+08:00","https://www.macmap.org/api/results/ntm-measures?reporter=704&partner=156&product=8509809000","reporter=704&partner=156&product=8509809000","vietnam\market-access-map\ntm_measures_8509809000.json","81bf41958c0bb9f3f904a4d940678e1a9b4c6caae79be3159045067b0f35d624","NTM response; includes measure codes, counts, year, classification and source."
"EPM-ALL-ENC","_shared","_shared","Export Potential Map","Encrypted transport response: China HS850980 all markets","EPI/baseline/gap/supply/demand/ease","850980","EPM estimate for 2030","2026-09-05T20:03:49+08:00","https://exportpotential.intracen.org/api/en/epis/markets/from/i/156/to/j/all/what/k/850980","/api/en/epis/markets/from/i/156/to/j/all/what/k/850980","_shared\export-potential-map\china_hs850980_all_markets_epi.transport-response.b64","4b2681549517ac700a2465d4ee093a605aae60a6a96d64c175f63e2ea626606e","Exact Base64 response returned by ITC API."
"EPM-ALL-DEC","_shared","_shared","Export Potential Map","Decoded official response: China HS850980 all markets","EPI/baseline/gap/supply/demand/ease","850980","EPM estimate for 2030","2026-09-05T20:03:49+08:00","https://exportpotential.intracen.org/api/en/epis/markets/from/i/156/to/j/all/what/k/850980","/api/en/epis/markets/from/i/156/to/j/all/what/k/850980","_shared\export-potential-map\china_hs850980_all_markets_epi.decoded.json","2b0974f27c48b7ae303bfecac6dc628d8ae9023076c7400f785a3588b59b01b5","Decoded with AES-CBC logic published in the official EPM frontend; values unchanged."
"EPM-PROD-ENC","_shared","_shared","Export Potential Map","Encrypted transport response: EPM product reference","EPI/baseline/gap/supply/demand/ease","850980","EPM estimate for 2030","2026-09-05T20:03:49+08:00","https://exportpotential.intracen.org/api/en/products","/api/en/products","_shared\export-potential-map\epm_product_reference.transport-response.b64","b564d136edf995c6f7e05fe2767376067bef4e48077ff07155ed62ae22a7521d","Exact Base64 response returned by ITC API."
"EPM-PROD-DEC","_shared","_shared","Export Potential Map","Decoded EPM product reference","EPI/baseline/gap/supply/demand/ease","850980","EPM estimate for 2030","2026-09-05T20:03:49+08:00","https://exportpotential.intracen.org/api/en/products","/api/en/products","_shared\export-potential-map\epm_product_reference.decoded.json","c1b9263e2b2e34aeb65ec6668408281858d3314f1195b64790f4d7df72f3d74d","Decoded with official frontend logic; values unchanged."
"EPM-CTRY-ENC","_shared","_shared","Export Potential Map","Encrypted transport response: EPM country reference","EPI/baseline/gap/supply/demand/ease","850980","EPM estimate for 2030","2026-09-05T20:03:49+08:00","https://exportpotential.intracen.org/api/en/countries","/api/en/countries","_shared\export-potential-map\epm_country_reference.transport-response.b64","41a942d5943703e0a5c19668b427151558991556364f463156bca6529d445558","Exact Base64 response returned by ITC API."
"EPM-CTRY-DEC","_shared","_shared","Export Potential Map","Decoded EPM country reference","EPI/baseline/gap/supply/demand/ease","850980","EPM estimate for 2030","2026-09-05T20:03:49+08:00","https://exportpotential.intracen.org/api/en/countries","/api/en/countries","_shared\export-potential-map\epm_country_reference.decoded.json","587deea7986fc9f40aff8165a73e4a6c06ebc97e891d1d446c3a446aa6eebbf0","Decoded with official frontend logic; used only as a code-to-name reference."
"EPM-036","036","Australia","Export Potential Map","Official EPI record for China-product-market","EPI/baseline/gap/supply/demand/ease","850980","EPM estimate for 2030","2026-09-05T20:03:49+08:00","https://exportpotential.intracen.org/api/en/epis/markets/from/i/156/to/j/all/what/k/850980","from=i/156;to=j/all;what=k/850980;selected_market=036","australia\export-potential-map\official_epi_record_hs850980.json","e5645e4ab4686761f733979f933e34f143bbbd3e728e34e542b6ae818cad7df3","Selection-only extract from decoded all-markets response; no field changed. value=EPI; exportValue=baseline exports; gap and realizedPotential are official ratios."
"EPM-096","096","Brunei Darussalam","Export Potential Map","Official EPI record for China-product-market","EPI/baseline/gap/supply/demand/ease","850980","EPM estimate for 2030","2026-09-05T20:03:49+08:00","https://exportpotential.intracen.org/api/en/epis/markets/from/i/156/to/j/all/what/k/850980","from=i/156;to=j/all;what=k/850980;selected_market=096","brunei\export-potential-map\official_epi_record_hs850980.json","b8904135efd68d57c2435e46012ea0b139c603f47ec0881ec5fc036ec441ac45","Selection-only extract from decoded all-markets response; no field changed. value=EPI; exportValue=baseline exports; gap and realizedPotential are official ratios."
"EPM-116","116","Cambodia","Export Potential Map","Official EPI record for China-product-market","EPI/baseline/gap/supply/demand/ease","850980","EPM estimate for 2030","2026-09-05T20:03:49+08:00","https://exportpotential.intracen.org/api/en/epis/markets/from/i/156/to/j/all/what/k/850980","from=i/156;to=j/all;what=k/850980;selected_market=116","cambodia\export-potential-map\official_epi_record_hs850980.json","3eabf9d8604667234a48d983ed5580341fc6405274580bb95c03cb05dfda6805","Selection-only extract from decoded all-markets response; no field changed. value=EPI; exportValue=baseline exports; gap and realizedPotential are official ratios."
"EPM-360","360","Indonesia","Export Potential Map","Official EPI record for China-product-market","EPI/baseline/gap/supply/demand/ease","850980","EPM estimate for 2030","2026-09-05T20:03:49+08:00","https://exportpotential.intracen.org/api/en/epis/markets/from/i/156/to/j/all/what/k/850980","from=i/156;to=j/all;what=k/850980;selected_market=360","indonesia\export-potential-map\official_epi_record_hs850980.json","3630aa9e1fe443166de71a7c32e2589e8b9d6855733504bed1d729e72f0b7b05","Selection-only extract from decoded all-markets response; no field changed. value=EPI; exportValue=baseline exports; gap and realizedPotential are official ratios."
"EPM-392","392","Japan","Export Potential Map","Official EPI record for China-product-market","EPI/baseline/gap/supply/demand/ease","850980","EPM estimate for 2030","2026-09-05T20:03:49+08:00","https://exportpotential.intracen.org/api/en/epis/markets/from/i/156/to/j/all/what/k/850980","from=i/156;to=j/all;what=k/850980;selected_market=392","japan\export-potential-map\official_epi_record_hs850980.json","338021e81e30b117dd2a4c71a7ecd2f675e59ec78f0903163f15166250dc2dd8","Selection-only extract from decoded all-markets response; no field changed. value=EPI; exportValue=baseline exports; gap and realizedPotential are official ratios."
"EPM-410","410","Korea, Republic of","Export Potential Map","Official EPI record for China-product-market","EPI/baseline/gap/supply/demand/ease","850980","EPM estimate for 2030","2026-09-05T20:03:49+08:00","https://exportpotential.intracen.org/api/en/epis/markets/from/i/156/to/j/all/what/k/850980","from=i/156;to=j/all;what=k/850980;selected_market=410","south-korea\export-potential-map\official_epi_record_hs850980.json","8935062ce6fbcd3b0089b3f1b0ab9b1621c5307123e1a56473803822f71f20db","Selection-only extract from decoded all-markets response; no field changed. value=EPI; exportValue=baseline exports; gap and realizedPotential are official ratios."
"EPM-418","418","Lao People's Democratic Republic","Export Potential Map","Official EPI record for China-product-market","EPI/baseline/gap/supply/demand/ease","850980","EPM estimate for 2030","2026-09-05T20:03:49+08:00","https://exportpotential.intracen.org/api/en/epis/markets/from/i/156/to/j/all/what/k/850980","from=i/156;to=j/all;what=k/850980;selected_market=418","laos\export-potential-map\official_epi_record_hs850980.json","4da8bd29a128c94662e5fefc97f4bd7701390f4c65813f9183951bf6d7090217","Selection-only extract from decoded all-markets response; no field changed. value=EPI; exportValue=baseline exports; gap and realizedPotential are official ratios."
"EPM-458","458","Malaysia","Export Potential Map","Official EPI record for China-product-market","EPI/baseline/gap/supply/demand/ease","850980","EPM estimate for 2030","2026-09-05T20:03:49+08:00","https://exportpotential.intracen.org/api/en/epis/markets/from/i/156/to/j/all/what/k/850980","from=i/156;to=j/all;what=k/850980;selected_market=458","malaysia\export-potential-map\official_epi_record_hs850980.json","009a74b4e652b33c75d7fd8f8b1fb085a6063457454b19830fec163159597e58","Selection-only extract from decoded all-markets response; no field changed. value=EPI; exportValue=baseline exports; gap and realizedPotential are official ratios."
"EPM-104","104","Myanmar","Export Potential Map","Official EPI record for China-product-market","EPI/baseline/gap/supply/demand/ease","850980","EPM estimate for 2030","2026-09-05T20:03:49+08:00","https://exportpotential.intracen.org/api/en/epis/markets/from/i/156/to/j/all/what/k/850980","from=i/156;to=j/all;what=k/850980;selected_market=104","myanmar\export-potential-map\official_epi_record_hs850980.json","66238f86903ed6680e191124d56e84e19b7c9be45d7dd38323d72a594dcf0d7f","Selection-only extract from decoded all-markets response; no field changed. value=EPI; exportValue=baseline exports; gap and realizedPotential are official ratios."
"EPM-554","554","New Zealand","Export Potential Map","Official EPI record for China-product-market","EPI/baseline/gap/supply/demand/ease","850980","EPM estimate for 2030","2026-09-05T20:03:49+08:00","https://exportpotential.intracen.org/api/en/epis/markets/from/i/156/to/j/all/what/k/850980","from=i/156;to=j/all;what=k/850980;selected_market=554","new-zealand\export-potential-map\official_epi_record_hs850980.json","e58772d91b29ef9d540a887f2b3920a093c326402bc9b5701779f43e48980236","Selection-only extract from decoded all-markets response; no field changed. value=EPI; exportValue=baseline exports; gap and realizedPotential are official ratios."
"EPM-608","608","Philippines","Export Potential Map","Official EPI record for China-product-market","EPI/baseline/gap/supply/demand/ease","850980","EPM estimate for 2030","2026-09-05T20:03:49+08:00","https://exportpotential.intracen.org/api/en/epis/markets/from/i/156/to/j/all/what/k/850980","from=i/156;to=j/all;what=k/850980;selected_market=608","philippines\export-potential-map\official_epi_record_hs850980.json","2c82f3ce2004595f5163c9362480b799fba3701a4b27b3f961a20d0e0670a825","Selection-only extract from decoded all-markets response; no field changed. value=EPI; exportValue=baseline exports; gap and realizedPotential are official ratios."
"EPM-702","702","Singapore","Export Potential Map","Official EPI record for China-product-market","EPI/baseline/gap/supply/demand/ease","850980","EPM estimate for 2030","2026-09-05T20:03:49+08:00","https://exportpotential.intracen.org/api/en/epis/markets/from/i/156/to/j/all/what/k/850980","from=i/156;to=j/all;what=k/850980;selected_market=702","singapore\export-potential-map\official_epi_record_hs850980.json","cc9ea6684e6ea5432e5c8fc4bf69a9e601354ad4ef8d8f35a9119f4e4186b639","Selection-only extract from decoded all-markets response; no field changed. value=EPI; exportValue=baseline exports; gap and realizedPotential are official ratios."
"EPM-764","764","Thailand","Export Potential Map","Official EPI record for China-product-market","EPI/baseline/gap/supply/demand/ease","850980","EPM estimate for 2030","2026-09-05T20:03:49+08:00","https://exportpotential.intracen.org/api/en/epis/markets/from/i/156/to/j/all/what/k/850980","from=i/156;to=j/all;what=k/850980;selected_market=764","thailand\export-potential-map\official_epi_record_hs850980.json","ea2c379c951974809070c4703aaf08f4e8fa6f96cdc1809439944bafcc3d05da","Selection-only extract from decoded all-markets response; no field changed. value=EPI; exportValue=baseline exports; gap and realizedPotential are official ratios."
"EPM-704","704","Viet Nam","Export Potential Map","Official EPI record for China-product-market","EPI/baseline/gap/supply/demand/ease","850980","EPM estimate for 2030","2026-09-05T20:03:49+08:00","https://exportpotential.intracen.org/api/en/epis/markets/from/i/156/to/j/all/what/k/850980","from=i/156;to=j/all;what=k/850980;selected_market=704","vietnam\export-potential-map\official_epi_record_hs850980.json","d36eb5be8dc618e152b424bf7f96e42612aef1148d799ecbadc9ac5034869057","Selection-only extract from decoded all-markets response; no field changed. value=EPI; exportValue=baseline exports; gap and realizedPotential are official ratios."
"TM-COUNTRY-REF","_shared","_shared","Trade Map","Trade Map country code reference","country code/name reference","n/a","current at access date","2026-09-05T20:09:40+08:00","https://www.trademap.org/api/common/countries","none","_shared\trademap_country_reference.json","0b6fcfce7916704e0b615233be9b57f569b9e81360abc1f62b11cb6411d815a1","Official code-to-name reference used to label suppliers; no analytical values."
